full_text,sentiment
"Jangan hentikan aksi boikot dan tetap konsisten dalam mendukung boikot produk zionis kaya produk Danone Aqua",positif
"Untung ga gampang ke makan sama hoax. Jadi ga asal boikot produk. Apalagi aqua jelas banget mendukung palestina. Stop boikot aqua",negatif
"Amin, akhirnya yang benar bahwa Aqua itu Pro Palestina jadi tidak ada gunanya lagi ikut-ikutan untuk boikot produknya Danone. Makin bijak dan berhati-hati agar tidak ikutan nyebarin fitnah soal Aqua👌🙏",negatif
"Sumber dari mana ya kalo aqua tuh produk boikot?",netral
"@sayyang___ Jangan asal boikot gitu aqua itu pro Palestina dan tidak ada do list boikot lo",negatif
"@matyhir wihh keren danone langsung kasih pernyataan resmi yang didukung PBB. udah ya jangan asal boikot aqua ga termasuk!",negatif
"@sayyang___ Yuk netizen yang budiman stop boikot aqua yuk. Dia udah banyak donasi ke palestina nih",negatif
"@kaptenAmercia Lahh kan beneran udah ku duga sih kalo aqua tuh bela palestina. Plis jangan boikot aqua lagi yok",negatif
"Tetap boikot Danone Aqua supaya induk Aqua si Danone tidak bisa mengalirkan dana ke Israel !!!",positif
"Gass boikot Danone Aqua produk pro isriwil haram",positif
"Sebenernya aqua itu masuk list boikot engga?",netral
"Tetap boikot mcd Pizza hut",positif
"pizza hut boikot ga sih?",netral
"boikot mcd/starbucks adalah aksi tergblok sepanjang masa",negatif
"Gas boikot McD, kfc jgn kasih kendor.",positif
"Yok semangat boikot McD dan kfc gaes. Lagian banyak kok produk lokal yang setara",positif
"@wiwikbiee @BiLLRaY2019 @FirzaHusainID @seruanhl @Aryprasetyo85 @sehatAQUA @DS_yantie @Dwi_Ekaputri @cacawijaya_ Ternyata aksi boikot produk terafiliasi pro zionis Israel seperti danone aqua MCD KFC Nestle ini sangat berpengaruh lho jadi kenapa kita tidak lakukan saja aksi boikot ini",positif
"Ayo.... semangat boikot itu pengaruh #IsraelNewNazism #StopGazaGenocide #BoycottIsraelProducts : Boikot McDonal Starbuck KFC Burger King Nestle Danone Unilever https://t.co/KvUZWN3PN3",positif
"boikot mcd kfc pizza hut domino dll itu gampang yg susah itu boikot unilever bjir",netral
"Kadrun itu cuma berani boikot McD KFC dan Starbucks yang jarang mereka beli.sedangkan produk Unilever sampe sekarang aja mereka berani ngak berani boikot karena produk tersebut Ndak bisa lepas dari aktivitas padahal sama-sama produk yahudi",netral
"gue dah lama boikot mcd &amp; produk unilever kalo sbux emg gapernah beli. tapi ada aja org TONE DEAF yg bangga ya ternyata. padahal cuma boikot loh? sesusah itu kah?",positif
"@author_wetpet Trus apa manfaat yang di dapet Palestina dari gerakan ini? Gak jelas mending kumpulin donasi buat Palestine. Kalian boikot Mcd stbk unilever sampe bangkrut juga ga ngefek ke israelnya yg ada malah rugiin ekonomi negara kita sndri",negatif
"Gw dukung boikot mcd simplenya ya karena mereka 'Terlibat' dalam dukung tentara israel",positif
"Dukung palestina gak berarti gw harus dukung hoax. Buat gw boikot mcd, starbuck itu gak lebih dari fitnah. Karena gak ada buktinya, kalo lu seneng nyebar finah ya sana... gw ogah.",negatif
"Kasih alesan dong kenapa gua kudu boikot mcd starbucks dll. Karyawan sana juga saudara kitakan? Justru lebih dekat. Gua jg pernah diposisi mereka. Gua ga dukung genoside tapi gua masih milih untuk bantu saudara terdekat",negatif
"terus boikot mcd kfc, dukung terus brand lokal ✨",positif
"Lagian keadaan kyk begini ekonomi lagi terpuruk, gak ush nyalahin org boikot, lu pikir aja makan di KFC or MCD 1 org minimal 40rban, udh gitu dukung zionis, mending beli ayam geprek, kalau gak org kaya atau nunggu promo bakal jarang yg beli.",negatif
"dari awal boikot ada udah ga pernah lagi jajan mcd dan selalu nolak tiap diajak beli mcd. Bangga? jelas! dengan gak dukung brand brand yang ada di belakang israel itu udah jauh lebih baik gais🤍",positif
"so far brand yg udah secara konsisten gw boikot dan semoga selalu konsisten: - nestle - starbucks - pizza hut - kfc - mcd - burger king masih akan terus pelan pelan boikot yg possible buat diboikot",positif
"nestle boikot kan ya?",netral
"Teruskan boikot nestle! Jahat!",positif
"guys nestle di boikot ngga?",netral
"@_JANGAN_DIAM Org dah lama boikot Nestle sebab pro Israel.",positif
"Nestle Unilever punya Israel produk produk Unilever mesti di boikot woy tapi masih aja dibeli ama rakyat Indonesia ini perusahaan Israel 7 turunan nggak habis habis kali harta Israel hampir seluruh dunia dikuasi oleh mereka. Unilever tuh produknya banyak banget lagi.",positif
"Akuu masih boikot sampe ke produk sehari2 ataupun makeup skincare kaya garnier unilever nestle loreal maybelline cadbury oreo danone",positif
"Pak ayo boikot Burger King https://t.co/FCzf5emdRc",positif
"baru tau kalau oreo produk di boikot",netral
"Apakah Oreo dan Biskuat Bagian Dari Israel? Selektif Dalam Memilih Produk Pada Gerakan Boikot",netral
"di keluargaku kalo ngerayain sesuatu selalu ke pizza hut semenjak boikot mama belajar bikin pizza sendiri (dan enak btw). kalo ponakan ke rumah biasanya dibeliin mcd atau burger king semenjak boikot mama rajin masak buat mereka. boycott is easy if you want to.",positif
"Sebenernya dulu mekdi kfc pizza hut tu udh ada gerakan buat di boikot sekitar taun 2014(?) an lupa Cma gatau kenapa seiring berjalannya waktu org org ramein mekdi pizza hut dkk lagi Trs pas ada berita genosida di Palestina ini akhirnya org org nge boikot lagi",netral
"gue team boikot kok, cuma orang-orang makin kesini makin kesana. padahal fokus ke perusahaan atau produk yang udah terang-terangan dukung israel kaya MCD, Starbucks, KFC, Pizza Hut, Unilever, dll. FOKUS KE SITU AJA. tiba-tiba ada ajakan boycott Mayora, Wings Group.",positif
"Ttp ke pizza hut sih krn deket dr kostan wkwkwkw bodo amatan sama boikot yg kerja juga org Indonesia, bahan2nya juga dari Indonesia, ada certificate halal, jd ya ttp kesana, klo boikot ngapain mui ngeluarin certificate halal wkwkwkwk",negatif
"Karena masih Boikot produk Pizza hut, sekarang kalian kalau mau beli Pizza kemana guys? Coba drop rekomendasi kalian!",netral
"Jujur, engga sih. Belum ada yang bisa kalahin rasa-rasa makanan yang diboikot kayak mcd kfc dan pizza hut tapi gapapa namanya boikot kan tergantung hati nurani. Kalau mau menghibur diri dengan mencari makanan yang mirip-mirip rasanya juga gapapa.",netral
"Boikot Pizza Hut pendukung Zionis Isr4el genosida di Gaza #TerusBoikotIsrael",positif
"Teruskan boikot KFC dan Pizza Hut.",positif
"Sebelum rame boikot saya juga gak pernah beli tapi sering dibawain entah itu Starbucks or Pizza Hut sama ibu Bos tapi emang gak enak sih 😌",negatif
"Benar sekali Boikot produk pro israel benar-benar ngefek. bahkan agensi periklanan yang biasa iklanin unilever ketar-ketir, yups dibanding iklan mereka milih untuk csr untuk branding produk mereka. bahkan sekelas pizza hut di bawah papannya ada tulisan mushola.. lanjutkan boycott",positif
"Boikot brand paling sulit gue lakuin adalah boikot pizza hut😔😔😔 gue secinta itu sama pizza apalagi menu pizza hut yg tuna😔💔",negatif
"Jangan lupa boikot Oreo dan Aqua guys... 🥰",positif
"Selama boikot juga aku jadinya Nemu Nemu resto dan food chains lokal yang rasanya jauhh lebih enak dari produk liat diatas😊 oh iya kalo burger king bisa loh kalian ganti jadi Wendy's atau Burger Bangor! My fav menu kalo di Burger Bangor Juragan Cheese🤤",positif
"Tetap kurangi pemakaian produk terafiliasi israel,  blm bs berenti total karena barang kebutuhan rumah beberapa produk terafiliasi. Namun ttp mengurangi pemakaian. Kfc mcd burger king udah lama nggak beli sjk rame boikot.",negatif
"Jangan lupa boikot burger king‼️",positif
"Setidaknya perusahaan makanan kek mekdi, starb, burger king, kfc, domino, dll yg kalian boikot. Karena perusahaan makanan ini paling sering nyumbang. Produk unilever kan juga banyak, setidaknya ganti yg bsa di ganti. Kalo ga bsa yaudah ga mslh. Setidaknya udh bnyk yg lu boikot",positif
"Wajib boikot produk berdasarkan Irsyadat MUI : DANONE NESTLE ZARA KRAFT HEINZ UNILEVER COCA COLA GROUP MCD BURGER KING KURMA ISRAEL #FuckIsrael #BoycottIsraeliProducts #EndIsraelsGenocide https://t.co/fAbNHyx10a",positif
"Sempet ditanya boikot produk ga? Ya gue sebisa mungkin boikot sih terlebih produk Unilever sbux sama mcd kfc pizza hut dan burger king. Lumayan juga jadi hemat wkwk pindah ke Wings yg lebih hemat terus w jadi ngopi di kopken serta ngurangin fast food akhir akhir ini masak!",positif
"Ayo mari terus Boikot Produknya Unilever Termasuk Gerai makanan KFC McDonald Pizza hut burger King.. Kembalilah Belanja Produk lokal dan masih Banyak produk lain yang tidak terafiliasi ke Israhell... https://t.co/H6NfztQVbX",positif
"@LoudMinorities Percuma Jga Boikot Boikot..emang tau apa mereka yg tereak2 soal Boikot ttg Tax Branding Royalty Franchising atas Nama Saham Merk2 Dagang macam Mc'D Pizza Burger King dst..lha wong Negara2 Arab aja nggk ngeBoikot Minyak ke US 🇺🇸 koq..blm lagi pemakaian $US Currency..",negatif
"@kuehaluss @ayaayyawae @duobutterflies @tanyakanrl Denial bgt ya kak tmnny wkwkw soalny dia msi suka burger king jd gmw ikut boikot tkut dikatain Halah lu aja masih makan Burger King ngapain boikot boikot wkwkw",negatif
"@tanyakanrl Boikot ajalah KFC ini jgn kasih kendor... Biar mereka tutup gerai KFC di Indonesia. Begitu pula Mc Donalds Pizza Hut Burger King Starbucks Unilever Danone Nestle P&G Mondelez dll.",positif
"@nerofortes Gimana dengan pizza hut? Burger king? Mereka di boikot juga padahal ga investasi ke israel",netral
"Saya dengan senang hati akan memboikot starbak mekdi burgerking. Selain benci dengan israel alasan boikot sebenarnya lebih ke miskin",positif
"@svoupy @obiisme tweet ini bilang target boikot lu salah emang lo kira gw cuma boikot sbux terus kelar? Yakali. Gw udah gak pernah tuh ke mcd dominos pizza hut burger king. Gw juga stop subscription disney+. Boycotting sbux are one of the few things I m doing in support of Palestine",positif
"DIBILANG BOIKOT BOIKOT TAI!!! LU MASIH AJA MAKAN MCD KFC STARBUCKS BURGERKING PIZZAHUT DOMINOS. TRUS ADA YANG BILANG YAUDAH YANG ISLAM AJA BOIKOT! HEH INI BUKAN CUMA AGAMA ISLAM DI PALESTINA JUGA BANYAK PENGANUT KRISTEN DLL. INI TUH PEMBUNUHAN GENOSIDA BUKAN PERANG TOLOL!!",negatif
"gue dari tahun lalu udah mulai boikot produk pro isriwil dan berhenti beli makan di McD KFC dan burger king. biasanya setiap pulsek gue selalu mampir ke BK tapi smenjak di boikot gue udah ga mampir lgi ke BK McD dan KFC.",positif
"maunya burger king tp masih masa boikot",netral
"Semakin semangat yuk netizen +62 untuk boikot Starbuck KFC MCD King Burger",positif
"dari dulu pengen nyobain burger king mcd subway domino dll yg belum ada diponti udah dsini kaya semua uda adaa tinggal nyobain tp lagi boikot semoga ttp konsisten boikot produk isriwil",netral
"Beberapa kali lihat video ada yg menunjukkan kalau McD ramai lagi Burger King ramai lagi. Bagaimana tidak kalau cara boikotnya tidak fokus? Malah sibuk boikot sana-sini yg bukan target utama bahkan bukan target sama sekali. Giliran tidak berhasil menyalahkan orang lain.",negatif
"Pgn tetap boikot produk israel tp jujurly gw udh lama ga makan burger king",netral
"Tetap boikot produk teman2. Semua ada efeknya. Produk yg harus diboikot karena secara terang2an mendukung genosida antara lain pizza hut mcdonald burger king dominos pizza #FreeGaza #FreePalestine Trend hashtag #zenius #konserlilinputih #HappyNewYear2024 #happynewyear",positif
"@_JANGAN_DIAM Org boikot produk Nestle la. Support Zionis Israel.",positif
"@tanyakanrl Gue udh kurang percaya sm dia sejak masalah boikot nestle pure life dia bilang jng sampe gerakan boikot malah menzolimi orang2 yg bekerja disana yg gada hubungannya. Mana bandinginnya sama lays yg udh ganti merk jd chitato ya beda lah.",negatif
"Dah boleh boikot nestle permanently",positif
"guys nestle di boikot ngga?",netral
"Salah satu kerugian bila boikot nestle",netral
"Yg teriak2 boikot apakah kalau dikasih offering 2 digit di Nestle atau Unilever akan ditolak juga?",negatif
"Udah sejak awal boikot udah ninggalin produk Unilever dan nestle sekarang pake wings terus.",positif
"@mardial Dari belasan tahun lalu issue boikot produk Israel (Unilever nestle dll) udah ada dan belum booming ky sekarang ulama Saudi dan turunannya salah satu yg banyak kasih fatwa kl boikot itu pilihan personal dan tetap boleh konsumsi barang itu skrg aja byk yg maksa utk boikot",netral
"@Pelabur_Bijak Aku boikot McD tapi aku beli kat Mary Brown. Aku boikot Starbucks tapi aku beli kat ZUS. Aku boikot Nestle ice cream tapi aku beli King ice cream. Ekonomi jalan teruih.",netral
"@_JANGAN_DIAM Org dah lama boikot Nestle sebab pro Israel.",positif
"Aku dah lama boikot nestle ni...",positif
"Walaupun digempur isu boikot tetapi Unilever Indonesia menunjukan kepeduliannya terhadap saudara² di Palestina dengan memberikan donasinya https://t.co/0ftjBWMzba",netral
"heran deh sama yg masih kemakan hoax boikot jelas2 unilever indonesia udah banyak donasi ke palestina jelas mereka memihak palestina lah https://t.co/wjRvcxaxoM",netral
"Walaupun udh di fitnah dan di boikot Unilever Indonesia tetap berikan bantuan ke Palestina. Alhamdulillah semoga berkah https://t.co/saJGFoeUf6",netral
"Gara gara duluan boikot Aice soal kasus tdk memanusiakan karyawannya malah jadi pindah ke walls. Tp karna walls under Unilever skrg makan es krim joyday glico diamond (ga pernah Nemu tp). I hope these brands are safe https://t.co/Oerfwqghi2",netral
"pas boikot mcd masih biasa aja unilever juga b aja. ehhh pas tau info ini tuu hhaaaa nohoook sekaliiii bay austin #boikotHomescapes #boikotplayrix https://t.co/DUPa2a4Nii",netral
"Akhirny McDonalds mnyerah dgn grakan boikot d dunia&amp;membeli kmbl gerai2nya yg ad d Israel Efektivitas aksi boikot ini smg jd pnyemangat kita utk lanjut boikot prodk yg msh terafiliasi dg Israel sprt prodk2 Unilever&amp;lain2ny tujuanny agar Israel smakn dikucilkan oleh msyrkt lobal https://t.co/gpd8wY0CE7",positif
"Meskipun kita tidak ikut berperan secara langsung tapi Insha Allah ini dapat membantu saudara-saudara kita di Palestina semoga tetap bernilai pahala di mata Allah. Tetap lanjutkan boikot produk yang terafiliasi dengan Israel. #boikot #unilever https://t.co/JMVO6Vmv4e",positif
"kalau bapakku kontra nya krna yg kita boikot Unilever dan yg ada di indo yg sekitanya kita pake produk itu sehari2 kalau yg McD Starbucks dll nya itu baru blio bilang nah ituuu yg wajib diboikot kalau Unilever Indo iya blio mikirin pekerjanya",netral
"Heran bgt boikot boikot tp buktinya unilever masih lancar jaya.. mcd masih aman sentosa.. sbux masih laris manis Minimal sih show with actions jg gacuma jago orasi ajaaaaa Maaf ya gengs I'm simply boycotting by not buying their products maaf gabisa ikut orasi",netral
"https://www.hops.id/unik/29412185755/ykmi-ajak-umat-muslim-wajib-boikot-inilah-daftar-produk-yang-terafiliasi-israel-mulai-dari-restoran-siap-saji-produk-air-mineral-hinggafashion YKMI Sebut 10 Produk Terafiliasi Israel yang Masuk Daftar Boikot Mulai Ramadhan 2024: Starbucks Danone Nestle Zara Kraft Heinz Unilever Coca Cola Group McDonalds Mondelez Burger King dan Kurma Israel",netral
"ak tanya kalian tau ga produk unilever itu masuk list boikot? masi pada pake ga? coba cek gih bedanya kita bukan artis makanya gada yg komplen jadi sabar dulu ye ANJIR",netral
"Dulu emang aku sering denger tentang isu boikot unilever fast food mcd kfc gitu2 tp gak semassive sekarang. Alhamdulillah sekarang udah orang2 paham",netral
"Kalau mayora agak2 maju mundur kena soalnya dia kan perusahaan go publik ya susah ngontrol saham yg masuk jadi aku masih ga terlalu boikot Kalau unilever emg terang2an si support israel Kalau Google ini agak sulit dihindari kek aplikasi lain aplikasi aku jadiin tmpt speak up",netral
"buset voucher diskonnya unilever semua ya sasaran boikot ni gencar sekali marketingnya",netral
"Ini sejak unilever di boikot. Wings jor joran bgt promonya.",netral
"Alhamdulillah untuk big 3 dan american resto yg ngedukung isriwil kek phd domino burgerking unilever masih lanjut boikot",positif
"Boikot e wes ga usum ta? Ga menyalahkan tzuyu krna dia first love ku tp ini produk unilever loh",netral
"unilever masuk dalam list boikot gak ya? yang tau please rep",netral
"meski stres tak berkurang tapi hidup tetap berjalan dengan boikot sbx disney mcd loreal unilever burger king...",positif
"Sudah pasti boikot Pizza Hut",positif
"ini keluhan gue dr sblm jaman boikot... kenapa dominos... ama pizza hut... menunya banyak bgt... pdhl mereka bisa bikin 1 menu per size trus kita disuruh centang varian topping sama crust... apa gue aja yg jadi ceonya... biar langsung dukung palestine juga...",netral
"pizza hut tuh produk boikot kan?",netral
"Teruskan boikot KFC dan Pizza Hut.",positif
"Ada yang tau ga ya pengganti pizza hut apa.... soalnya kdg pengen banget pizza cuma dua-duanya boikot",netral
"domino sama pizza hut kan lg boikot ya terus beli apa yaa lagi bm banget pizza :)",netral
"Dahsyatnya Solidaritas Pro Palestina Boikot Produk Pro Israel KFC Pizza Hut Krispy Kreme dan Hardee's Mulai Terdampak https://www.al-monitor.com/originals/2024/05/kfc-pizza-hut-profit-middle-east-cut-half-amid-gaza-war-boycotts",positif
"Pizza hut itu sudah bertahun2 selalu merugi sebelum boikot Makanya dulu sebelum pandemi pun mereka sampe jualan pizza dipinggir jalan pake motor Lu pikir itu karena apa?? Kalo mau hasbara mbok ya jangan tolol tolol",netral
"di keluargaku kalo ngerayain sesuatu selalu ke pizza hut semenjak boikot mama belajar bikin pizza sendiri (dan enak btw). kalo ponakan ke rumah biasanya dibeliin mcd atau burger king semenjak boikot mama rajin masak buat mereka. boycott is easy if you want to.",positif
"Boikot itu tidak membeli produk Pizza Hut bukan memaki-maki pegawai Pizza Hut tidak bersalah yang berusaha mengais rezeki di tengah-tengah lapangan kerja yang karut-marut",netral
"Sebenernya dulu mekdi kfc pizza hut tu udh ada gerakan buat di boikot sekitar taun 2014(?) an lupa Cma gatau kenapa seiring berjalannya waktu org org ramein mekidi pizza hut dkk lagi Trs pas ada berita genosida di Palestina ini akhirnya org org nge boikot lagi",netral
"pizza hut boikot ga sih?",netral
"Tetap boikot mcd Pizza hut",positif
"Ada temen boikot Pizza Hut tapi makan marugame udon.",netral
"gue pribadi kesulitan boikot pizza hut. seumur hidup gapernah intentionally beli pizza selain brand ini. paling susah kuboikot krn seumur hidup cm makan super supreme tenang aja udah ga gue beli kok in the past few months",netral
"Mau tanya Pizza hut termasuk ke dalam list boikot kah?",netral
"pizza hut boikot jg kah kirain domino doang",netral
"Since Pizza Hut &amp; Domino boikot en pizza dekat mana lagi yg best ye?",netral
"Lama gile x makan pizza lepas pizza hut and Domino's masuk dalam list boikot. Ok pizza apa yang gak support israel?",netral
"banyak beli barang yg di boikot 'pizza hut &amp; mcd' tapi kesalahan itu ada karena bliau mengonsumsi nya di ruang public. jujur mcd dan sbux di daerah gua masih rame. GUA KECEWA BERATT terserah lu minum itu di dorm atau kamar hotel lu TAPI SETIDAKNYA RESPECT DENGAN GA MINUM DI PUBLIC",netral
"pizza hut bukan memang boikot ke? okay boikot and support local pizza",positif
"Domino atau Pizza Hut list boikot gak?",netral
"dah excited mau mam pizza tp br keinget KITA KAN BOIKOT PIZZA HUT YA.........",negatif
"kalo misal kita udah beli produk non boikot semacam point coffee tapi belinya minuman cookies and cream, sedangkan cookiesnya biasanya Oreo. itu gimana jadinya?",netral
"1 perusahaan sama oreo, masuk list boikot. Mending beli silverqueen, produk lokal 🫶",positif
"everything is gone,,tinggal nama doang. ini karna kalian lemah, boikot sebentar aja kagak bisa, suruh replaced sama produk lokal kagak mau,,,kalian telah sumbang sih dgn pemusnahan kemanusiaan.",negatif
"Kalo aku pribadi, selain boikot produk2 yang tertera, aku berusaha sebisa mungkin buat gak beli produk2 yang terafiliasi lainnya kaya oreo, lifeboy, carnation dll. Aku gak mau uang ku dipakai untuk membantai manusia even itu cuma seribu atau dua ribu. Aku percaya, kalau niat-",positif
"Buat yang lain, jangan lupa boikot produk Yahudi Jagal Bayi yah guys,,, Nescafe, Nestlé, Oreo, Unilever",positif
"berarti kl ga boikot oreo & produk unilever gapapa kan kl ikutnya boikot sistem BDS? soalnya sejak ada isu2 boikot ini aku stop beli oreo, stop beli produk unilever & banyak produk yg di tiap postingan produk itu disuru nyari alter. jujur aja aku boikot semua krn takut dicerca",netral
"serius nanya jgn salty ya, himbauan dari MUI itu boikot semua produk / boikot yg berpatokan sm BDS aja? soalnya kangen aja oreo, ini kalo nanti aku beli oreo apakah aku jadi berbuat dosa?",netral
"Boikot Starbucks Boikot Starbucks Starbucks Starbucks Kamu tdk akan bisa sembunyi Kamu bikin minum untuk genosida Portland Oregon Amerika Serikat🇺🇸 #FreePalenstine https://www.the-sun.com/news/9844526/boycott-zara-christmas-campaign-photos-apology-palestine-israel/",positif
"lanjutttt boikotnya kakak @kfc boikot @McDonalds boikot juga @Unilever boikot @Nestle Boikot juga @CocaCola boikot juga @Starbucks boikot juga @Disney juga boikot produk P&amp;G jugak",positif
"Lanjutkan sampai mereka tidak mampu lagi membiayai Israhell untuk membunuhi bayi2 dan anak2 Palestina Penjualan McD hingga Starbucks Anjlok akibat Aksi Boikot https://www.instagram.com/detikcom/p/Cya9MrgM522/",positif
"Saya dengan senang hati akan memboikot starbak mekdi burgerking. Selain benci dengan israel alasan boikot sebenarnya lebih ke miskin",positif
"Soalnya si otak gue yg gak boleh gue makan tuh mekdi pizza hut domino burger king ajaaa tp apa ada merk makanan lain yg sebenernya di boikot tp gal terlalu rame kah",netral
"Brooo kalian ga bakal mati kalo ga makan mcd kfc burger king atau produk boikot lainnya. Masih banyak kok alternatif produk yang bisa kalian beli tinggal pintar-pintar memilih aja.",netral
"DIBILANG BOIKOT BOIKOT TAI!!! LU MASIH AJA MAKAN MCD KFC STARBUCKS BURGERKING PIZZAHUT DOMINOS. TRUS ADA YANG BILANG YAUDAH YANG ISLAM AJA BOIKOT! HEH INI BUKAN CUMA AGAMA ISLAM DI PALESTINA JUGA BANYAK PENGANUT KRISTEN DLL. INI TUH PEMBUNUHAN GENOSIDA BUKAN PERANG TOLOL!!",negatif
"sementara ini produk jualan aku yang kena boikot cuma oreo crumb, yang lainnya alhamdulillaah lulus sensor ✨",netral
"That's why di antara target2 boikot paling benci sama mekdi &amp; pizza hut",negatif
"ampe skrng ad yg masiii boycoting kgaak?? plis muncul yg masiii kgaak beli produk yg di boikot mcd kfc pizza hut dkk kerabat deket gw dah mulai bodoamat sedih wehh",netral
"Jujur engga sih. Belum ada yang bisa kalahin rasa-rasa makanan yang diboikot kayak mcd kfc dan pizza hut tapi gapapa namanya boikot kan tergantung hati nurani. Kalau mau menghibur diri dengan mencari makanan yang mirip-mirip rasanya juga gapapa.",netral
"Pizza Hut PhD rugi bukan karena boikot mungkin simply udah gak enak gak ada pembaruan menu yg signifikan dan pizza pesaingnya lebih enak. Roti tebel saos biasa topping kek sosis curah harga mahal. Sama-sama habis 100rebu mending marzano",netral
"Temen kantor yg dulu sok sok boikot kemarin ultah beli Pizza Hut limousine buat sekantor. Udah pinter dia sadar kalo boikot itu gerakan gak jelas yg merugikan bangsa kita sendiri. Capek boikat boikot tapi pelurunya Israel gak habis2.",negatif
"heran deh sama yg masih kemakan hoax boikot jelas2 unilever indonesia udah banyak donasi ke palestina jelas mereka memihak palestina lah https://t.co/wjRvcxaxoM",positif
"buset voucher diskonnya unilever semua ya sasaran boikot ni gencar sekali marketingnya",netral
"Terdampak Boikot Penjualan Unilever Indonesia Turun pada 2023 https://t.co/4fSdrtwJXm",positif
"Nestle Unilever punya Israel produk produk Unilever mesti di boikot woy tapi masih aja dibeli ama rakyat Indonesia ini perusahaan Israel 7 turunan nggak habis habis kali harta Israel hampir seluruh dunia dikuasi oleh mereka. Unilever tuh produknya banyak banget lagi.",positif
"Kurang2i aja mbanding2in kesalahan orang. Orang jelas salah ya ditegur jangan kemudian membandingkan dengan kasus lain. Orang kalau boikot McD tapi ga boikot unilever ya biarin aja puji dan apresiasi mereka bukan malah nyinyir kek gitu.",netral
"org pd fafifufefo boikot produk kek sb unilever mcd dll tapi pelamar kerja di perusahaan tsb masih bnyk aja jir terutama unilever. gw kira pendaftar ulip bakal turun gara2 aksi boikot",netral
"Hadeuh manusia pada kenapa ya gini yaaa klo kalian mw boikot ya boikot aja sendiri perkara idol makan oreo trus kalian mw spam ini itu be smart lah mereka bukan kalian intinya kenapa sih ga urus idup sndiri aja knp maksa org laen bwt jadi KALIAN??????",negatif
"Kalo boikot Oreo terus terang aku gak bisa. Maafkan.",negatif
"Bismillah Ada apa dgn anak² skrng ini Dgn usia mereka yg se muda itu sdh bicara yg tdk baik soal Warga Palestina yg skrng di Genosida Zionis!! Tontonan yg mereka lihat dgn pemberitaan pro &amp; kontranya soal Boikot Produk Israel membuat anak² ini tak ada rasa empati Miris!! https://t.co/BU8TZuNJsy",positif
"sekali lagi boikot itu stop beli produk bukan rusuh sana sini goblok",netral
"@cingreborn Tolol parah plis boikot dari kerjaan apapun sumpah masa bisa setolol ini.. oke sok makan mcd tp gaperlu blg apa2 pls???",negatif
"@kegblgnunfaedh Sy gak boycott sih. sebelum ada aksi boikot udah lama gak ke mcd kfc apalgi sb. Ya buat apa?? Jangan salah2in boikot. Salahin tuh strategi manajemen mu yg bosenin. Ngerasa makan di mcd kfc adalah makanan mewah padahal saingannya itu bejibun. Sabana olive dll..",netral
"@txtoranggabut Please ya manteman jangan boikot Aqua lagi karena benar² Aqua dukung Palestina.",netral
"banyak beli barang yg di boikot 'pizza hut &amp; mcd' tapi kesalahan itu ada karena bliau mengonsumsi nya di ruang public. jujur mcd dan sbux di daerah gua masih rame. GUA KECEWA BERATT terserah lu minum itu di dorm atau kamar hotel lu TAPI SETIDAKNYA RESPECT DENGAN GA MINUM DI PUBLIC",netral
"Efek boikot itu ril lho. Pizza Hut kemarin ngumumin kalo mereka rugi 96M sepanjang 2023 kmrn. Krn kondisi ekonomi juga + efek boikot kata mereka. Jadi teruslah kita boikot. Yg paling gampang yg fast food2 lah sm kopi. Pilihan penggantinya buanyak bgt kok.",positif
"udah paling bener tolak boikot aja anti ribet",negatif
"Oreo dan Biskuat dari Israel? Kalo mau dukung atau tolak boikot harus selektif ya man teman",netral
"Alhamdulillah seneng bgt karena tidak salah yang aku lakukan selama ini dengan tidak ikut-ikutan boikot produk Aqua, sebaliknya makin menguatkan bahwa ternyata Aqua itu Pro Palestina 🙂👌🙏 so, tolak boikot aqua",positif
"Nyusahin karyawannya bgt deh. udah paling bener tolak boikot aja anti ribet",negatif
"menolak keras untuk pakai produk² israel, pokoknya Ramadhan Tanpa Aqua gerakan boikot harus tetap berjalan",positif
"Boikot dengan aksi nyata itu jatuhnya kayak orang intoleransi beragama. Contoh agama A yang pasti tidak percaya agama B. Kalau itu diwujudkan dengan demo rumah ibadah B, terang2ann di medsos menolak agama B, menganggu orang B yang lagi ibadah, ya jatuhnya mengganggu ketertiban",negatif
"Ndak papa kebebasan beropini juga dari dia kita negara demokrasi jadi bebas aja mau menolak atau menerima boikot yang itu hak individual. Mas nya dilihat juga suka dengan Starbuck. Kita yang lihat hal kita sukai dihina kan ikut terhina. Lalu salah masnya dimana?",netral
"Komenannya persis sama seperti orng yg menolak ajakan boikot",netral
"Orang Indonesia tdk belajar dari pengalaman, boikot aja gak usah pada mendaftar, anak2 SMA yg dicalonkan pada menolak",negatif
"Cobalah menolak dg bahasa yg baik.. Contoh: Maaf aku boikot Gacoan, karyawannya overtime dan underpaid..",netral
"Halah zionis pesek wawasan sempit. Kt sp boikot itu cuma 'berhenti menggunakan'? D KBBI aja maknanya 'menolak kerja sama'. Artinya jg berhenti kooperatif. Mau kubantu elaborasikan atau otakmu masih nyampe?",negatif
"7/ Ditambah sejak peristiwa Gaza-Israel, marketnya meluas bkn cuma pria muslim, namun para simpatisan Gaza yg menolak pakai produk boikot Israel.",netral
"Setuju banget! Aqua jelas pro Palestina dan tidak masuk list boikot",positif
"Ky ga guna ya dsini teriak boikot smpe capek ..duarrrr si bpk2 alim mlh gtu...mngkin si bpk2 alim itu ga pnya hp, tv n internet jdi ga tahu ap yg terjadi",negatif
"Maaf ia klo cuma boikot yg receh2 tp yg jumbo ga di boikot si ga ada efek yg nyata",negatif
"Ya ngapain boikot?? Ga guna  yang ada ngrugiin ribuan orang indo. Mending gw langsung kirim duit bantuan lembaga. Dripda u bukannya bantu malah nambahin duit beli rudal ",negatif
"Bego. Boikot itu switching. Pindah doang yg beli. Yg diuntungkan produk lain. Sementara PHK gara2 pabrik bubar itu sudah dari dulu jauh sblm boikot. Lu kemana aja?",negatif
"Antara boikot produk sama seleksi alam persaingan produk usaha aja elu gak bisa bedain mbak. Jangan bego deh..",negatif
"yuk bisa yuk jadi nitizen yang kritis, jangan fomo ikut2 boikot produk yang gak salah kaya aqua",negatif
"Tetap fokus melakukan aksi boikot bersama org-org Palestina. Jangan terkecoh dgn list-list boikot ratusan produk ini-itu yg justru memecah konsentrasi kita.",positif
"Perlu  banget sih cari tau fakta nya dlu .intinya jangan sampai malah boikot produk yg pro Palestina seperti aqua .",negatif
"JANGAN MAU DIBODOHIN GUYS!! Justru le minerale ini pilihan terbaik dari produk sebelah yang support isriwil. Jangan sembarangan boikot. Riset dulu tolong!!!",negatif
"Kalo boikot jangan tanggung2 mbak, semua produk yang ada hubungannya dengan Israel diboikot aja tanpa terkecuali. Itu baru mantap.",positif
"pdhal kang boikot sdh bangga pamer pindah produk ke yg katanya lokal punya 🤠🤓",negatif
"setelah kerja sama dengan portal berita ngeluarin statement dari narasumber yang bahkan gak pernah merasa mengeluarkan statement, nyewa buzzer, sekarang masukkin mf aku jadi makin semangat untuk boikot! SEMANGAT PRODUK PRO ZIONIST, ALLAH MAHA MENGETAHUI",positif
"Yuk Boikot Starbucks ganti kopi kenangan dan kopi Nusantara, cintai produk dalam negeri anti penjajahan 😀",positif
"Satu keluarga sudah boikot produk Israel, kek Aqua, McD udah gak bakal kami beli beli",positif
"Biasanya sahur di mcd tp kali ini lg dukung boikot tuh produk",positif
"udahlah gausa sok Sokan boikot kalau masih nongkrong di Starbucks",negatif
"Gak usah boikot2 produk yg bukan dari bds jadinya mlh gk efektif",negatif
"kenapa ga nyari info ya tentang produk yg di boikot, stress bgt mikirin boikot produk yang ga efektif ini",negatif
"Adanya boikot ini malah masyarakat sendiri yang dirugikan, dan ini dapat menyebabkan banyak PHK serta pengangguran.",negatif
"Btw efek boikot bikin harga sembako pangan gak stabil. Dan banyak petani, nelayan jadi rugi. Yang rugi negara lu sendiri bukan isriwil.",negatif
"menolak tentang boikot produk-produk yang katanya dukung Israel, kalian ga mikirin nasib pegawainya? mereka tidak tahu apa-apa selain itu ada keluarga yang harus di nafkahi juga,.",negatif
"efek adanya boikot produk sebenernya bukan cuma merugikan perusahaan. tapi merugikan pedagang juga, karena beberapa produk minuman di boikot. ngaruh bgt ke penjualan.",negatif
"Boikot produk dapat merugikan banyak pihak di dalam negeri. #BoikotNgerugiinKita",negatif
"Boikot produk tuh bukan solusi bela palestina karena merugikan negara kita juga karena produk yang di boikot malah ga ada fakta bela Israel #boikotngerugiinkita",negatif
"Dengan adanya boikot justru merugikan negara. Akibat penjualan menurun, Unilever Indonesia melakukan pengurangan tenaga kerja",negatif
"Gausah sok Sokan mau ngelakuin boikot produk Israel. Malahan dengan adanya gerakan ini berpotensi meruntuhkan ekonomi Indonesia. Sakit bgt gw liatnya",negatif
"boikot tuh memperlemah perekonomian dampaknya ke karyawan yg bekerja di produk yg diboikot",negatif
"Apa sih gunanya pada boikot produk israel?? menurut gw sih ga ada malah makin rame tuh sekarang kfc,mcd,sbuck",negatif
"Apasih gunanya boikot produk? Menyusahkan! Nyatanya produk aqua kan produk lokal",negatif
"aku menolak boikot. Krn nyatanya produk McD dan KFC EMG enak pol",negatif
"boikot ini kesadaran pribadi mba gausa sok ngatur gw deh. Krn gw juga punya pendapat sendiri!!!",negatif
"Kebutuhan sehari-hari banyak yg dari produk boikot, tapi biarin aja aku tetep pake, disini gak ngaruh apa2",negatif
"Susah bgt mau ganti produk sehari-hari yg kena boikot, dahlah gw ga ikutan tuh boikot",negatif
"Aqua tuh produk lokal made in indonesia lhoh, ngapain juga kalian boikot, ga ada bukti valid kalau pro ke isriwil",negatif
"same kek temen gw gembor2 soal boikot tapi tetep ngerayain ultah di burger king KEK????????? dengan bagusnya story wa dia ada 3 tau isinya apa?? 2 story pertama tentang Palestine dan isu boikot terus story yg terakhir video dia ngerayain ultah di buger king",negatif
"Katanya mau suport UMKM kok malah lebih suka produk barat. Apalagi suds jelas burger king lagi di boikot karena pro zionis israel apa jangan2 ikutan juga pro zionis israel ya ? Makin berat nih tugasnya TKN dan para buzzer nyebokin nih orang. @kurawa @DedynurPalakka https://t.co/9VVaLKsBno",negatif
"Setiap dikasih mic selalu ada aja blundernya eyang ini. Burger king pdhal posisi nya mendukung Israel sehingga sedang di Boikot sama umat Islam di Indonesia sampai ada fatwa MUI juga loh. Eyang eyang.... #AMINAjaDulu https://t.co/c7XqOrDBrN",negatif
"bisa bisanya sohib gw bilang padahal kalo mau boikot gausah ajak ajak ya kasian karyawan mcd",negatif
"boikot mcd/starbucks adalah aksi tergblok sepanjang masa",negatif
"anying padahal resto cikin di korea jg banyak berasa kiamat aja gak bisa boikot mcd kfc aneh",negatif
"siapa yang kemarin heboh boikot-boikot mcd tapi lagi ada musibah listrik padam langsung ke mcd numpang isi daya? HAHAHAHA konyol",negatif
"gini deh lu org gabisa kah klo ga ikut2an boikot tu diem aja??? kek.. gausah caper dgn ngomong ak gapeduli boikot2an ttp gasss lgsg lari ke mcd jajan kek... kenapa seakan2 seluruh manusia yg hidup tu hrs tau klo lu ga boikot",negatif
"@bnsphrxyzzz Perasaan yg boikot teriak2 yg minum di sbux ama makan di kfc mereka semua peminum darah ama makan bayi palestina dah sekali di IYAiin ama bocil2 dongo malah tantrum semua gimana dah konsepnya",negatif
"anying padahal resto cikin di korea jg banyak berasa kiamat aja gak bisa boikot mcd kfc aneh",negatif
"Boikot produk yg udah jelas support isriwil bole tp kalo masih abu abu mending gausah. Kesian temen temen yg kena PHK cuma gara gara hoax dan black campaign marketing. Kalo mau pure support semangka mah donasi aja udah paling bener dan berdampak. Ga ngerugiin temen sendiri juga",netral
"Cape cape boikot produk pro isrwl tp yg dipilih yg dapet dukungan dari us",negatif
"ya allah semoga israel cepet diberikan azabbb pls ges ayo bisa yuk boikot dulu produk israel! tanpa produk itu kita masih bisa tetep idup kok tapi saudara kita di palestine selalu menghadapi maut setiap harinya",positif
"Drpada ngandelin anecdotal evidence mending liat aja lapkeu MAPI yg pegang brand2 diboikot ky Sbucks Burger King dll. Thn 2023 sma Q1 2024 penjualan MAPI naik dr tahun sebelumnya jd keliatannya no/minimal impact. Tp hrs diliat jg siapa tau produk non boikot MAPI salesnya naik. https://t.co/0ZLkXgrmz2",netral
"Katanya mau suport UMKM kok malah lebih suka produk barat. Apalagi suds jelas burger king lagi di boikot karena pro zionis israel apa jangan2 ikutan juga pro zionis israel ya ? Makin berat nih tugasnya TKN dan para buzzer nyebokin nih orang. @kurawa @DedynurPalakka https://t.co/9VVaLKsBno",negatif
"Pgn tetap boikot produk israel tp jujurly gw udh lama ga makan burger king",netral
"Dampak boikot YouTuber Alman Mulyana menyoroti kondisi restoran cepat saji Burger King KFC dan Buffalo Wild Wings yang bangkrut di Arab Saudi https://t.co/aUpvhnHkHr",negatif
"same kek temen gw gembor2 soal boikot tapi tetep ngerayain ultah di burger king KEK????????? dengan bagusnya story wa dia ada 3 tau isinya apa?? 2 story pertama tentang Palestine dan isu boikot terus story yg terakhir video dia ngerayain ultah di buger king",negatif
"Kemarin bilang Gaza lemah lanjut bilang suka Burger King padahal jelas-jelas itu masuk salah satu daftar boikot karna dukung Israhell. Udah clear yaa di mana ni capres berpihak?",negatif
"Masih boikot: Sbux Pizza hut Burger King BBW Ngaku dikit kemaren stres banget dan butuh tempat akhirnya ke mekdi... hiks. Tapi yg lain masih koo~~ Pizza nemu Cheese n Dough yg keluaran korea enak juga!",negatif
"Menurut gue gerakan boikot ini dilakukan setelah serangan 7 Oktober 2023 dan muncul nama-nama brand yang terang-terangan funding Israel Top priority ada di HP (merk laptop) AXA. Kemudian Disney McD Starbucks Burger King Follow up di https://t.co/FhIywkJmiy",netral
"Prabowo ngaku suka makan Burger King netizen: Rakyat capek capek boikot produk Israel dia malah endorse https://t.co/gzib1OT44t https://t.co/gzib1OT44t",negatif
"Capresnya doyan Burger King Cawapresnya doyan Starbucks berat betul perjuangan Bu Retno di Forum Internasional bela Palestina https://t.co/mLc9337BZT #MenembusBatas #freepalestine #israel_penjajah #boikot Selengkapnya : https://t.co/dnxLo4hEdX https://t.co/hG3mrqYtXf",negatif
"Eh burger king tuh masuk list boikot kah? I'm craving their cheesy fries",netral
"Ibu Retno mewakili Indonesia untuk membela kemerdekaan Palestina di forum dunia. Sementara di negerinya sendiri ada capres yang doyan makan burger king dan bilang Gaza lemah. Dan cawapresnya yang doyan sbux produk boikot. Ironis!",negatif
"Peeps burger king di boikot ga",netral
"eh burger king tuh boikot apa ga si?",netral
"Tolong jgn stop boikot mcd sbux burgerking pizzahut kfc (di beberpa outlet masih rame). Enlighten orang2 terdekat untuk bantu menekan jionis",positif
"Liat Wind breaker collab sama Burger king rasanya sedih Pokoknya tetep boikot produk2 pendukung genosida",netral
"guys mau ngingetin!! banyak tempat makan yang perlu kita boikot bikin promo (like mcd burger king phd dll). please jangan terlena!!! keep boycotting ‼️",positif
"so far brand yg udah secara konsisten gw boikot dan semoga selalu konsisten: - nestle - starbucks - pizza hut - kfc - mcd - burger king masih akan terus pelan pelan boikot yg possible buat diboikot",positif
"Capek2 kampanye boikot produk terafiliasi zionis eeh ada bapak2 random bilang Aku suka Burger King Jd pengen nangis live akutu..",negatif
"Jangan lupa boikot burger king‼️",positif
"Rejeki dari Yang Maha Kaya dan Maha Terpuji bukan hanya di Starbucks McD Burger King Pizza Hut atau Domino's. Apa mungkin Yang Maha Mengetahui segitu kudetnya sampai pertanyaannya cuma sebatas Kenapa kamu boikot Starbucks dan membuat banyak orang kehilangan pekerjaan?,negatif
"Aku 2 minggu lalu kepingin maka burger king atau burger kill. Aku pikir itu burger yang punya orang Bandung karena ada nama band metal asal Bandung namanya hampir mirip. Waktu lihat2 produk boikot lah ternyata punya orang luar.",netral
"Boikot aside ada yang bilang burger mcd atau burger king enak tuh keknya belum pernah nyobain yang lain. Please coba burger bangor sana.",netral
"KFC Burger King Pizza Hut terpaksa gw boikot permanen Franchise2 Amerika pada tumbang orang2 seluruh dunia udah aware urusan genocide Palestine citra brand udah kotor berlumuran darah orang2 Palestine yg dibantai",positif
"InsyaAllah sampe kapanpun masih tetap diJalur Boikot Produk Israhell !",positif
"Padahal bisa tetep boikot produk yang di list BDS + produk lain secara bersamaan. Kenapa ya pada rese banget fokus ke BDS list lalalala padahal bisa dilakukan barengan! ‍ Namanya usaha ya lakuin aja yang bisa dilakukan. Segininya ya sama idola. Ngeri.",positif
"Menolak endorse produk yg terafiliasi boikot ya walaupun angkanya lumayan kalo kata @javafoodie_ rezeki pasti udah ada yg ngatur",positif
"ih sedih apa susahnya boikot produk pro israhelll?",positif
"@tanyakanrl Maaf ya nder klo mo boikot ya boikot aja si klo menurut gue tp jgn menghakimi orang yg masih memakai atau mengonsumsi produk itu. klo lu kek gitu sama aja lu ngompor2in buat ngebully orang lain serukan boikot tanpa membully orang lain ntar lama kelamaan mereka juga paham",netral
"alhamdulillah dikit2 dah bisa ganti brg2 produk yg ono demi dukung boikot",positif
"Saking gedegnya ampe ngskip klo ada orang yg koar2 boikot, pdhal itu hak setiap orang malah pda maksa. Kalo gw pribadi ya ga ikut dukung si soalnya banyak ruginya",negatif
"udah terlanjur stok boleh di abisin dulu gak si?",netral
"mending lokal aja..banyak yg jauh lebih enak..lebih murah..saatnya produk lokal meroket 🥰🥰",netral
"Krn ortuku dukung boikot, barang yg diboikot langsung di catat dong biar nantinya ga dibeli lagi",positif
"Gw blm bisa meninggalkan mcd hehe soalnya tempatnya tuh pas buat begadang nugas",netral
"Sumber dari mana ya kalo nestle tuh produk boikot?",netral
"Boikot tuh hnya beberp wktu, krna perusahaan besar psti punya dana darurat. Jd untk phk tdk akan dlm wktu dkt",netral
"Alhamdulillah udh konsisten ngedukung boikot😭",positif
"Mau boikot gak boikot itu terserah diri sendiri, kita gak 100% suci coi, gak usah sok2an anggap orng yg gak boikot suatu produk itu dajjal",netral
"Boleh sih boikot kan bebas, tapi harus ada solusi kalau ada dampak negatifnya",netral
"Prinsip gw buat ngedukung boikot tuh yang penting kita mengurangi pemakaian produk2 pro Israel tersebut, misal tadinya pake 10 produk bisa dikurangi jadi 5 produk",positif
"Aku masih ragu mending gk usah boikot segala macem",netral
"Walaupun tidak bisa berdonasi ..tapi aku berhenti pake produk unilever. Yok dukung boikot semuanya",positif
"unilever tuh masuk list produk boikot ga?",netral
"Sudah di ganti produk lokal,sedang beradaptasi dengan Masako,bismillah dukung boikot..",positif
"Cape banget masalah boikot ini... Emang ngaruh bgt? Bukannya malah ngerugiin ya? Hadeh",negatif
"Ya Allah aku mau ngabisin dulu yang ada biar ga mubazir ,next ganti produk soalnya mau ngedukung boikot 🥺",positif
"Tergantung mindset nya ya, kalo yang gak mau boikot ya boleh, kalo mau boikot ya boleh",netral
"Aku tetep beli McD soalnya enak dan kadang banyak promo",netral
"Yok boikot ya soalnya efek boikot produk pro Israel di banyak negara bikin penjualan McDonald's merosot. Pertumbuhannya anjlok 4 kuartal berturut-turut loh",positif
"ini boikot kok makin lama makin meresahkan ya.",negatif
"Yeyyy bisa balik minum Aqua dengan tenang. Yuk stop boikot produk ini",negatif
"Produk unilever masuk produk boikot ga si?",netral
"kenapa ga nyari info ya tentang produk yg di boikot, stress bgt mikirin boikot produk yang ga efektif dan malah merugikan",netral
"Sudah boikot produk Israel, kek Aqua, McD udah gak bakal kami beli beli lagi walaupun promo",positif
"Fanta itu produk boikot apa ga?",netral
"Terkadang udah boikot produk.. Tp kadang ya msh beli soalnya blm Nemu penggantinya",netral
"Boikot Starbucks ganti kopi kenangan dan kopi Nusantara, cintai produk dalam negeri anti penjajahan 😀",positif
"akhirnya terkuak fakta kalo aqua dukung palestina jadi kan ga perlu boikot produk nya deh",negatif
"Semangat boikot McD dan kfc gaes. Lagian banyak kok produk lokal yang setara",positif
"SAH aqua bukan produk boikot, jgn percaya hoax lagi ya",negatif
"Yok gas terus dukung boikot, jangan lupa boikot Dunkin Donat yah guys...",positif
"Gw masih sering beli aqua, kan di list gada ya? Jadi gw fifty2 aja lah😁",netral
"Semangat saudara² yang peduli dengan kemanusiaan. Tetep boikot produk israel @McDonalds_ID, @SbuxIndonesia.",positif
"Mari boikot Israel melalui produk produknya yg ada di NKRI !!!",positif
"Aqua tuh produk lokal made in indonesia lhoh, ngapain juga kalian boikot, ga ada bukti valid kalau pro ke isriwil",negatif
"Yok gas boikot McD, kfc jgn kasih kendor.",positif
"Susah bgt mau ganti produk sehari-hari yg kena boikot, dahlah gw ga ikutan tuh boikot",negatif
"Sebagai warning juga kepada perusahaan2 itu untuk tidak memberikan support ke penjajah zionis. Efek samping dari boikot itu ya UMKM dan produk lokal lainnya yang serupa bisa lebih naik.",positif
"Yok gas boikot, ganti ke produk lokal Indonesia.",positif
"Boikot tuh bukan soal agama tapi soal KEMANUSIAAN!! ayo terus boikot idol idol yang mengkonsumsi produk produk boikot dan terus boikot produk yang masuk ke dalam daftar produk boikot!!! Idol kalian enak bisa makan, tidur, dan istirahat dengan tenang!!",positif
"kfc ga masuk daftar produk boikot lagi ya?",netral
"Gue ga ikutan boikot, tapi emang gak konsumsi barang2 yg diboikot.",netral
"Boikot ini malah menambah motivasi untuk mensukseskan kampanye pemerintah untuk beralih ke produk dalam negeri",positif
"Apa gunanya pada boikot produk israel?? menurut gw sih ga ada malah makin rame tuh sekarang kfc,mcd,sbuck",negatif
"Dalam keadaan darurat, mendukung atau menolak boikot gak jadi masalah. Allah juga tau niat kita makan produk boikot itu apa.",netral
"Butuh list produk boikot deh soalnya gw mo dukung boikot, yg gue tau cuman mcd, bk, kfc, produk unilever, sama coca cola",positif
"boikot malah memperlemah perekonomian dampaknya ke karyawan yg bekerja di produk yg diboikot",negatif
"kfc masuk produk boikot ga si?",netral
"Gada gunanya boikot. Bener produk nya nggak laku perusahaan nya terus tutup tp karyawannya banyak yg di PHK haha miris",negatif
"Gw dukung boikot selama ada produk pengganti. Kaya KFC, McD udah bener2 stop. Padahal dulu tiap hari beli ice creamnya McD.",positif
"Persoalan masyarakat boikot atau tidak, itu mindset & kebutuhan. Saya pribadi sudah pakai produk lokal, walaupun tidak 100% lepas dari produk terafiliasi",netral
"Gw ga memihak manapun. giliran disuguhin fakta kalo netizen juga masih pake produk amerika lgsg jawabnya 'ya kita kan gabisa 100% menghindari semua blablabla' hilih! suarakan boikot, tapi jgn jd pembully.",netral
"Yok gais tetep dukung boikot, kita baik2 aja tanpa kfc, mcd dan produk lainnyaa",positif
"milo tuh produk boikot. ngasih tau aja sih 😔🙏🏻",netral
"Gausah sok Sokan mau ngelakuin boikot produk Israel. Adanya gerakan ini malah berpotensi meruntuhkan ekonomi Indonesia. Sakit bgt gw liatnya",negatif
"Semenjak dukung boikot mcd dan kfc. Aku sadar kalo produk umkm ternyata enak dan lezat",positif
"Kenapa sih orang makan atau beli mcd sama sbux langsung koar koar boikot tapi kalo orang beli produk kaya nestle dll pada diem aja. Ada yg bisa jelasin?",netral
"Mending donasi dan doa lebih konstruktif daripada boikot produk dalam yang hanya merugikan kita sendiri. #BoikotNgerugiinKita",netral
"Dukung terus aksi boikot dan tetap konsisten dalam mendukung boikot produk zionis kaya produk Danone Aqua",positif
"Boikot tuh merugikan bangsa sendiri jg, mendingan perbanyak sumbangan",negatif
"Boikot adalah aksi cerdas, krn boikot UMKM dan produk lokal yg selama ini gak dilirik justru sekarang makin disadari keberadaannya",positif
"Dengan aksi boikot ini justru merugikan negara. Akibat penjualan menurun, Unilever Indonesia melakukan pengurangan tenaga kerja",negatif
"Ga pernah beli starbucks. Soalnya gw setuju banget dg aksi boikot ini",positif
"Boikot produk bukan solusi bela palestina karena merugikan negara kita juga karena produk yang di boikot malah ga ada fakta bela Israel #boikotngerugiinkita”,negatif 
"Boikot dapat merugikan banyak pihak di dalam negeri. #BoikotNgerugiinKita",negatif
"adanya boikot produk sebenernya bukan cuma merugikan perusahaan. tapi merugikan pedagang juga, karena beberapa produk minuman di boikot. ngaruh bgt ke penjualan.",negatif
"Yuk boikot tuh produk danone aqua, aqua juga kan gak bisa nyangkal terkait pro israel",positif
"gini, mau dukung boikot apa menolak itu hak personal, kamu boikot silahkan, ngurangi produk silahkan, tetap beli silahkan. aku g belain siapa siapa. . .",netral
"Yuk dukung boikot produk Danone Aqua !!!",positif
"kalian ga mikirin nasib pegawainya? mereka tidak tahu apa-apa selain itu ada keluarga yang harus di nafkahi juga,.",negatif
"udah paling bener tolak boikot aja anti ribet",negatif
"Oreo dan Biskuat dari Israel? Kalo mau dukung atau tolak boikot harus selektif ya man teman",netral
"baru tau kalau oreo produk di boikot",netral
"Tau ga sih apa aja list produk boikot ??????",netral
"Biasanya sering beli ayam di mcd tp kali ini lg dukung boikot tuh produk",positif
"Unilever melakukan PHK 7.500 Karyawan. Hebat kan aksi boikot ini malah ngerugiin masyarakat hadeh",negatif
"yuk boikot mcd & sbuck karna produk/brand lokal banyak yg lebih enak dan yg terpenting LEBIH MURAH hehehhee",positif
"Klo mo membantu saudara kita di Palestina, yang pertama kali bisa kita lakukan adalah donasi, kan banyak cara untuk membantu bukannya hanya boikot saja",netral
"efek boikot bikin harga sembako pangan gak stabil. Dan banyak petani, nelayan jadi rugi. Yang rugi negara lu sendiri bukan israel.",negatif
"boikot malah membuat masyarakat sendiri yang dirugikan, dan ini dapat menyebabkan banyak PHK serta pengangguran.",negatif
"Harus selektif dalam mengambil langkah terutama dalam hal boikot produk, faktanya Aqua tidak termasuk dalam produk yg diboikot dan Aqua dukung terus Palestina.",netral
"Alhamdulillah seneng bgt karena tidak salah yang aku lakukan selama ini dengan tidak ikut-ikutan boikot produk Aqua, sebaliknya makin menguatkan bahwa ternyata Aqua itu Pro Palestina 🙂👌🙏 so, tolak boikot aqua",negatif
"Aksi Boikot Produk Pro Israel Menjadikan Industri Lokal Buka Lapangan Kerja Baru loh",positif
"gapapa banget buat ngurangin produk luar. aku, sendiri juga boikot produk2 dari perusahaan multinational macem nestle, coca cola karna banyak alasan lainnya",netral
"Yuk jgn termakan hoax. Gerakan boikot ini sangat  berdampak kepada beberapa merek, seperti perusahaan air minum AQUA yang diisukan sebagai produk Israel. Padahal, AQUA adalah produk asli Indo",netral
"Es krim oreo salah satu produk dari walls yg dimana mereka pro israel, yuk dukung boikot. better beli eskrim buatan indonesia",positif
"akhirnya Aqua itu Pro Palestina jadi sudah waktunya kita kembali mengkonsumsi sehari-hari produk Danone dan tidak ikutan untuk boikot ataupun nyebarin fitnah di medsos🙂🙏👌 yuk jangan boikot aqua gaes",negatif
"Di list produk boikot ada burger king, mcd, subway, domino, semoga ttp konsisten dukung boikot produk isriwil👊🏻👊🏻",positif
"Akhirnya dapat berita kalo Aqua Pro Palestina jadi dah waktunya kita konsumsi kembali produk Aqua dan tidak ikutan tuk boikot ya gaes👌🙏",negatif
"boikot royco gaes, jgn kasi kendor",positif
"kalian ga mikirin nasib pegawainya? mereka tidak tahu apa-apa selain itu ada keluarga yang harus di nafkahi juga,.",negatif
"udah paling bener tolak boikot aja anti ribet",negatif
"@Bersajak_id Emang jaman sekarang berita hoax ada dimana mana jangan asal percaya ya guys jangan boikot aqua",negatif
"@txtoranggabut finally aqua tegas juga kalo mereka tuh pro palestine. stop boikot aqua",negatif
"@matyhir Udah stop boikot aqua yuk. Baca nih artikelnya. Dia udah bela palestina lohh",negatif
"pizza hut di boikot... pizza nya enak pdhal hiks dasar isriwil jancok",negatif
"sekali lagi boikot itu stop beli produk bukan rusuh sana sini goblok",negatif
