"tanyarl ternyata dunkin sampe buat donat israHELL tetap semangat boikot produk yang mendukung israHELL! https://t.co/FH68VSdAYN",positif
"STARBUCK DIGANTI NAMA VISTA COFFEE PIZZA HUNT DIGANTI NAMA JADI RISTORANTE TETAP BOIKOT PRODUK PRO ZIONIS ISRAIHELL https://t.co/cglUpp2zYQ",positif
"Padahal lebih banyak cara untuk ajakan boikot yang lebih simpatik dan tidak mengganggu privacy orang lain. Konsumen produk yg mungkin diboikot adalah berhak apa dia bayar tidak sepantasnya kita menyerangnya krn perbedaan prinsip ttg Palestina. https://t.co/D6ZA3LgOEf https://t.co/D25yi8ihVi",netral
"Masih semangat Boikot produk Zionis dan yang terafiliasi.. salah satu cara keberpihakan kita sama penderitaan dan.perjuangan saudara kita di Palestina https://t.co/Fb6ELKvhme",positif
"ternyata udah ada fatwa MUI ya soal boikot produk. utk skincare make up dan body-hair-personal care sih gak repot krn udah setahun hijrah pake oriflame. yg agak peer nih makanan https://t.co/04rJYHoRCq",netral
"Calon wapres pemilu kita yg 8 bulan lagi kemungkinan besar dilantik. Beliau Makai botol plastik dan produk boikot https://t.co/OpXKChOJgk",negatif
"Ayo teruskan boikot produk Zionis demi keadilan dan perdamaian #TerusBoikotIsrael https://t.co/WO5gAb5AuC",positif
"Segala bentuk penjajahan di atas muka bumi harus dihapuskan termaktub dalam pembukaan UUD 1945. Maka menentang penjajahan zionis di tanah palestina menjadi kewajiban kita semua dengan cara dan bentuk apapun yg kita bisa. Salah satunya dengan perjuangan boikot brand/produk https://t.co/YoGL0z3Us5",positif
"tanyarl astaghfirullah israHELL buat mainan bayi kaya gini israHELL BIADAB tetap semangat boikot produk israHELL!!!!! https://t.co/tXLKIUGrqo",positif
"Aksi para pendukung palestina di Makasar Mereka menyambangi sebuah gerai kopi di jln AP Pettarani Makassar dan mengajak para pengunjung melakukan boikot produk yg terafiliasi isra El Jumat 06.06.24 https://t.co/iiMyCaPyau",positif
"Tetap boikot produk yang terafiliasi dengan teroris haram jadah zionis Israel. Dimulai dari saya dulu. #FreePalestine #StopGazaGenocide‚Äå sabrina Plaza Indonesia Asian Value Total Politik Tubruk Pandji Muhammadiyah. https://t.co/AV9WorAmjz",positif
"Berasa bangga ama Aurora pas ngestalk insta nya jarang¬≤ artis luar terutama barat yang terang¬≤ an menyuarakan Pllestin ampe ikut¬≤ an boikot produk pro israhell. Kuy dengerin lagu¬≤nya bagus banget buat yang suka ovt https://t.co/NEzufSG3ke",positif
"DAMPAK BOIKOT PRODUK PENDUKUNG ISRAHELL DI SELURUH DUNIA SUNGGUH LUAR BIASA‚ÄºÔ∏è https://t.co/H9knFikbJn",netral
"cw // kpop genos*de z1onist Sok siapa lagi artis yg terang2an pake/endorse produk israhell? Spill di komen biar yg lain pada tau. Kita boikot rame2!! üáµüá∏ https://t.co/0Bf9t1M3Pp",positif
"Boikot itu artinya : kamu tidak membeli produk yg diboikot. Bukannya malah : memukuli orang lain yg tidak memboikot produk tersebut. Dan lagi apa faedahnya mukulin saudara sebangsa setanah air yg cuman minum kopi demi membela bangsa asing ?? https://t.co/yrH7imdpf1",netral
"Aksi Bela Palestina di Bandung dan Jakarta Massa Ajak Boikot Produk Israel Kebiadaban Israel terhadap Palestina mengundang simpati ribuan warga Bandung dan Jakarta untuk menyerukan kemerdekaan pada Pelestina. Dalam aksi tersebut massa juga meminta pada warga Indonesia untuk https://t.co/HfrWNWBlZh",positif
"Boikot gak ngaruh? NGARUH Seumur-umur baru kali ini dapat WA-blast dari bank eh isinya info diskon produk boikot. Diskon hampir separuh harga dalam dua hari selama sepekan. Bener-bener niat cari pelanggan ini mah. https://t.co/qlbkcuYFqp",netral
"Yg biasa mampir di kopi kenangan sebaiknya di re kondisikan deeh Gw sekali waktu di semarang sama ayank minum kopi kenangan Coba cek juga produk dibawah ini Lanjut boikot produk2 yg Berafili dgn Zionis ya gesss... https://t.co/umV0ZwroUI",positif
"Tetap boikot produk pendukung genosida yang terafiliasi dgn teroris zionis Israel kalau bisa tinggalkan untuk selama-lamanya. https://t.co/ba5S2SyNaC",positif
"Jika boikot produk atau komoditas yg berafiliasi dengan Zionis Israel dan negara-negara sekutunya itu tidak berpengaruh apa-apa mengapa mereka: 1. Mendadak klarifikasi 2. Mendadak 'peduli dan donasi'. 3. Mendadak mengubah desain kemasan tema dll yg lebih 'ramah Palestina'.",netral
"Hapalkan baik-baik. Kita #Boikot produk-produk ini bersama-sama Ô∏èüáµüá∏ #TerusBoikotIsrael https://t.co/q5FJr9DKRK",positif


"KAMMI Bandung Serukan Lagi Aksi Boikot Produk Pro Zionis - https://t.co/YIcPEIZv8Q https://t.co/9K2Y5XH3HI",positif
"Meskipun gerakan boikot terhadap berbagai produk yang diduga terafiliasi dengan israhelll baru pertama kali terjadi namun jika kita cermati lagi boikot yang terjadi hari ini senada dengan janji kemerdekaan yang tertuang dalam Pembukaan UUD 1945. #TerusBoikotIsrael",positif
"FRRR. lu mau naikin ht silakan sebanyak banyaknya. tp jangan larang org buat ngehype member itu udh pilihan dia dan lu pd gaada hak buat ngelarang. kecewa lah dll freakkkk urus aja hidup lu sendiri gausah urusin hidup org. boikot produk bukan artis idiot. beneran kesel gua jir",negatif
"menurutku ini salah satu kopi terbaik di daerah ku dan harga nya jauh lebih murah daripada sbux segini aja harga nya 23rb coy makanya daripada kalian beli produk boikot masih ada kok tempat lain yang bahkan jauh lebih enak dan lebih murah. https://t.co/aOq234WJdw",positif
"Wasekjen MUI: Boikot produk terafiliasi Israel adalah jihad. #boycott https://t.co/cXrWiBgouO",positif
"@dearpupies @tanyarlfes Standar ganda apanya sih kak? LV itu gk masuk list BDS tp kalo kamu mau boikot ya silahkan itu hak mu. udah 8 bulan lebih genosida dan kampanye boikot masih banyak yg gangerti. boikot yg efektif itu bukan semua produk diboikot tapi yg terfokus jangka panjang dan masif. https://t.co/tIOjmXtA5u",positif
"Boikot terhadap produk produk yang memberi dukungan terhadap Isr4el membuat saham perusahaan terus anjlok. Lanjut boikot jangan kasih kendor Ô∏èüáµüá∏ #TerusBoikotIsrael https://t.co/DBt1S8jkkN",positif
"Tetap Istiqomah dan Lanjutkan Boikot Semua Produk Israel Yahudi Demi Membela Palestina dari GENOSIDA TERORIS ZIONIS YAHUDI. @myputun https://t.co/0X0GvT36SR",positif
"ùë∑ùíÜùíéùíÜùíìùíäùíèùíïùíÇùíâ Harus Tegas Mengklarifikasi Daftar Produk/Perusahaan Yang Terafiliasi Israel Mencegah Kegaduhan Dalam Masyarakat. ùë±ùíäùíåùíÇ Aksi Boikot Terus Berlarut Semakin Banyak Perusahaan Bangkrut Dan Jutaan Jiwa Di PHK. ùëµùíàùíÇùíèùíàùíàùíñùíì https://t.co/iDCYI89Ti8 https://t.co/O2ZmBPzCoG",netral
"Masih bingung antara boikot produk Zionis atau peduli lingkungan guys https://t.co/nTUaHwqMaR",netral
"Boikot produk-produk setan! Tidak ada kata netral. üáÆüá©Ô∏èüáµüá∏ https://t.co/NSJBgC4jFO",positif
"Jika boikot terhadap produk yg terafiliasi dengan penjajahan tidak berpengaruh lalu untuk apa segala macam promosi dan discount digencarkan? Tetap jauhi. Jika tak peduli tentang pembantaian dan penjajahan pedulilah tentang kesehatan. Ya kesehatan tubuh kalian. https://t.co/8V1Wu4NQCV",positif
"tanyarl liat nih idol lokal yg pake produk boikot + melanggar golden rules JKT48 ga member ga staff sama aja tolong kasih edukasi ya ke member dan staff nya juga fansnya jangan tutup mata!! tapi ada juga yg mengedukasi (sender salut) https://t.co/IsfYOr5PXd",negatif
"Mari kita Boikot sama-sama produk Zionis Isr4hell sesuai Fatwa MUI Daftar produk Isr4el yang ada di Indonesia #TerusBoikotIsrael https://t.co/ZSZJQzOhvE",positif
"Terlepas dari adanya aksi boikot konsumen berhak utk memilih produk apa yg dia mau beli produsen atau penyedia jasa/barang tdk bisa menyalahkan konsumen utk pilihannya itu Byk yg bisa survive dari sejak jaman covid yakin rezeki itu ada dimana2 berdoa &amp; ikhtiar terus ya https://t.co/GzGnY9r9f4",netral
"Boikot produk-produk setan! Tidak ada kata netral. #TerusBoikotIsrael https://t.co/6esXDwBt99",positif
"TW// CW// BOIKOT Hyeri terang an promosiin produk isri-wil &amp; (di ige KFC Korea isinya muka dia semua) &amp; bbrp bulan lalu foto pegang coca-cola di feeds KEEP BOYCOTTING TANPA PILIH-PILIH -star https://t.co/tZGq1bBn6Z",positif
"BENER. WORTH IT. JADI mari kita mulai rajin kalo lagi belanja cek barcode dulu pake ini hihii bermanfaat banget buat kita¬≤ yg lg boikot produk isriwil https://t.co/2EWFdPAX9a",positif
"Tetap semangat boikot produk Isr4el #TerusBoikotIsrael https://t.co/B5UfsCLPhL",positif
"Bismillah Ada apa dgn anak¬≤ skrng ini Dgn usia mereka yg se muda itu sdh bicara yg tdk baik soal Warga Palestina yg skrng di Genosida Zionis!! Tontonan yg mereka lihat dgn pemberitaan pro &amp; kontranya soal Boikot Produk Israel membuat anak¬≤ ini tak ada rasa empati Miris!! https://t.co/BU8TZuNJsy",negatif
"Video Menarik knp kita harus memboikot barang2 Isr4el!? Mohammed al-Nas pemuda asal Libya mengunggah klip bertema boikot produk pro-Isr4el yg menarik perhatian pengguna medsos. Sebarkan agar semakin banyak org yg sadar knp harus membaikot produk Isr4el!? #TerusBoikotIsrael https://t.co/iVgoUa7rqw",positif
"Boikot Produk Isr4el dan produk pundukung genosida #TerusBoikotIsrael https://t.co/iBVHp7qTPN",positif
"tolonng ini bisa bisanya di dalem biskuitnya ada garemnya coba kombinasi baru garam dan coklat inimah Kalo boleh kirim 1 dus buat ganti kepercayaan customermu ini karna produk sebelah boikot https://t.co/mckSACeKW9",negatif
"Aktivis Tunisiaüáπüá≥ menyerukan boikot terhadap produk-produk yang mendukung Zionist Yahudi. #GazaGenocide‚Äå #FreePalestineFromZionists #FreePalestine üáµüá∏ https://t.co/wlLquqIvk8",positif
"Meskipun gerakan boikot terhadap berbagai produk yang diduga terafiliasi dengan Israel baru pertama kali terjadi namun jika kita cermati lagi boikot yang terjadi hari ini senada dengan janji kemerdekaan yang tertuang dalam Pembukaan UUD 1945. #TerusBoikotIsrael",positif
"Boikot produk-produk Isr4hell dan produk-produk yang mendanai Isr4hell Ô∏èüáµüá∏ #TerusBoikotIsrael https://t.co/kPeLCUIe8w",positif
"Bismillah Ajakan Boikot Produk Israel di Tanah Air bnyk dilemanya masih bnyk buzzer¬≤ pendukung zionis pd berkeliaran !! Ajakan boikot secara halus salah !! Boikot dgn Aksi demi kesadaran kita jg masih salah !! Pointnya : Kesadaran warga +62 tntng boikot ini sangat kurang !! https://t.co/fTSgCKOhQD",netral
"aksi boikot produk yang dianggap terafiliasi dengan israhelll masih terus berlanjut #TerusBoikotIsrael",positif
"Emak-emak Inggris dengan berani mendatangi supermarket besar lalu menempelkan stiker boikot di produk asal Israel dan produk dari perusahaan yang mendukung penjajahan dan genosida Israel atas Palestina. Kalau di Konoha pasti emak-emak ini sudah ada yang nyinyirin... https://t.co/tPEgTu6Kjq",positif
"Kata siapa mau boikot atau nggak silahkan? Gerakan ini menghujat siapapun yang gak mau baikot. Menghujat siapapun yang menikmati produk yan mereka boikot. Dan sekarang kalian bangga membully Dan mendoxing bocil SMP seolah2 mereka yakin kalau nih bocil gak bisa dididk baik2",netral
"MENANGGUNG RUGI KARENA BOIKOT KATA SIAPA BOIKOT NGGA NGARUH? AYO BOIKOT TERUS PRODUK ISRAHELL‚ÄºÔ∏è https://t.co/NDH3ozZReo",positif
"Solidaritas nyata: boikot produk Zionis untuk Palestina #TerusBoikotIsrael https://t.co/V0xupzCgNh",positif
"Ternyata kaum syi'ah itu hanya gimmick pd konflik di Palestina. Contoh penyerangan Iran di tel afif kemarin itupun gimmick. Jgn tergoda tetap boikot produk pangan negara¬≤ yg terafiliasi isrewel. Assalamu'alaikum sobatku org¬≤ baik. #FreePalestine #FreeGazaRafah Ô∏è https://t.co/ANVC3L42Is",positif
"Setiap langkah kita penting: boikot produk Zionis untuk keadilan. #TerusBoikotIsrael https://t.co/MUXl6jGRpx",positif
"Bersatu dalam aksi: boikot produk Zionis sekarang #TerusBoikotIsrael https://t.co/H82JD20zK8",positif
"Mari bersama-sama boikot produk Zionis demi kemanusiaan #TerusBoikotIsrael https://t.co/4Y26hJe8En",positif
"Solidaritas untuk Palestina: Boikot produk Zionis dan produk yg pro Isrewel #TerusBoikotIsrael https://t.co/7AopiwrSb8",positif
"Merujuk pada lembaga dan Organisasi kredibel dalam melakukan aksi boikot agar gerakan boikot lebih fokus dan terhindar dari jebakan penumpang gelap persaingan bisnis Salah satunya dengan perjuangan boikot brand/produk pendukung zionis yg sudah diinfokan oleh @GerakanBDS_ID https://t.co/KCwPT4b69Y",netral
"lagian beli produk boikot",netral



"Ternyata seruan boikot produk pendukung israel itu berasal dari hamas dan hamas pesek yang berciri salafi Wahabi jodat gosong katok cingkrang dan jenggotan panjang kayak rabbi yahudi",negatif
"iya kan makanya gue agak kesel sama orang yang ngeluh boikotnya banyak blablabla ya kalo gak bisa boikot semua ya ikut list bds aja anjir gue juga belom bisa stop semua produk pro sana tapi ya gue konsisten ngikutin bds karena ini yang paling utama:)",positif
"Boikot Yuk Produk Produk ABC @KraftHeinzCo @CocaCola_ID @MDLZ @Pizza_HutID @pizzahut #Boycott this Produk.. https://t.co/JpaOFHm7qe",positif
"TW // CW // BOIKOT Tiada hari tanpa artis korea konsumsi produk zio-nist Mbak Hyeri terang an promosiin produk isri-wil sampai photoshoot breng burger KFC &amp; beberapa bulan lalu foto pegang coca-cola taroh feeds PLEASE KEEP BOYCOTTING EDUCATE TANPA PILIH-PILIH https://t.co/2eHYIMQTo6",positif
"Prihatin Situasi di Gaza KOSPY Keluarkan 9 Sikap Termasuk Boikot Produk yang Terafiliasi Zionis https://t.co/U8E5YEr3T1 #TempoNasional",positif
"Saya pergi kebanyakan Mamak tukar produk. Maggi ke Indomie Numee Cintan. Milo ke Myvic. Nescafe ke Indocafe. Tapi ada kedai melayu yang tak ada kesedaran boikot produk Nestle.",netral
"Pada tau kan arti NAPITER ? Ko 11 12 ya dengan para pendukung Palestina yg boikot produk Israel. Terus main fisik ? Yahhh sama juga kelakuannya sm Hamas teroris. Menyedihkan.",negatif
"Pemerintah harus urun rembuk soal boikot harus ada edukasi agar tak menambah beban ekonomi seperti yg diminta PHRI. Minimal memberikan guideline utk Gerakan sosial yang dilakukan masyarakat. agar tak menjadi liar dan dimanfaatkan untuk kepentingan bisnis https://t.co/bFz4IwiBaS https://t.co/ftO2j4JL9q",netral
"Wasekjen MUI kobarkan 'Jihad' boikot produk terafiliasi Israel https://t.co/sTNI63ZRqe",positif
"RESEP LASAGNA TANPA OVEN??Ô∏è ternyata bisa loh bikin lasagna tanpa oven.. dan tanpa pake produk boikot juga tentunya. simple enak puas! YUMMERS https://t.co/020JgsMcDQ",positif
"Sekali lagi gw berharap semoga informasi MUI mau bikin fatwa mempromosikan atau jadi BA produk terafiliasi Israel hukumnya haram bukan cuma jadi desas desus doang semoga aja beneran jadi kenyataan Jangan sampai nantinya gerakan boikot untuk melemahkan Israel justru melemah https://t.co/PiaoroMlIc",netral
"Pemerintah harus urun rembuk soal boikot harus ada edukasi agar tak menambah beban ekonomi seperti yg diminta PHRI. Minimal memberikan guideline utk Gerakan sosial yang dilakukan masyarakat. agar tak menjadi liar dan dimanfaatkan untuk kepentingan bisnis. https://t.co/rlO9wZU4Vy https://t.co/Ie96hBKlyO",netral
"Lho ada produk boikot si PEPSI",netral
"Massa Serukan Aksi Boikot Produk Terafiliasi Zionis - Sindo Sore 09/06 https://t.co/DFIlv0yL8V",positif
"Jujur aku dari dulu hampir ga pernah beli produk yg ada di target boikot itu karena selain pertimbangan harga lokasinya jg lumayan jauh dr rumah ((mager)). Pernah tp bukan yg terus2an. Hamdalah di daerah rumah tuh banyak penjual makanan kayak yg target boikot dan lebih enak.",positif
"Postingan saya tentang fatwa boikot produk Israhell dari MUI di semua medsos saya langsung diserang Buzzer Z10N1S. Komen selain maki2 juga banyak yg komen ayo tinggalkan IG FB klo ceramah ke luar kota atau umroh haji jgn naik Boieng dsj. Hehehe...makanya baca fatwa lengkap. MUI",positif
"Cukup serukan boikot produk gosah ngerusak palagi sampe melukai orang. Dah gitu pengecut mau lari ke Sorong. Hal2 smacem ini dan orang2 anarkis bgini klo dibiarkan bakal picu perpecahan bangsa sndiri.. Ane setuju tindakan aparat cyduk! https://t.co/81h3D9oLqU https://t.co/17M7Ra4E1G",netral
"@yjunxchoi C0la ga masuk bds Bukan fokus boikot kita Yj setelah banyak yg komen gitu juga terus ganti minumnya ke air putih So. Keknya kita yang perlu diedukasi biar tau produk apa aja yang diboikot https://t.co/cSNVbygWMe",netral
"Viral Aplikasi No! Thanks untuk Boikot Produk Pro Israel Simak Fakta-faktanya https://t.co/rXJ7Tof2rJ",netral
"Aksi boikot akan berdampak secara efektif jika penolakan dilakukan terhadap produk impor yang memang didatangkan langsung dari israhelll. #TerusBoikotIsrael",positif
"Sambil menunggu fatwanya jadi kita yg hanya butiran debu ini jangan sampai terpengaruh kilauan artis kari BA produk pro zionis. Gak perduli artis yg jadi BA nya gerakan boikot harus makin kuat supaya cita2 kita membantu Palestina terasa sampai kesana. Karena dengan memboikot https://t.co/I7ANTNlTsa",positif
"sekali lagi boikot itu stop beli produk bukan rusuh sana sini goblok",negatif

"aksi boikot akan berdampak secara efektif jika penolakan dilakukan terhadap produk impor yang memang didatangkan langsung dari israhelll. #TerusBoikotIsrael",positif
"Gak mau boikot ya udah mau tetap beli produk IsraelüáÆüá± itu pun hak kalian. Tapi mengolok¬≤ pihak yang anti apalagi sampai bawa¬≤ darah daging &amp; tulang anak Palestina üáµüá∏ itu sih udah keterlaluan. Selamat kalian udah terkenal. Ortu kalian pasti bangga https://t.co/qhOcDP2T6K",netral
"Drun bukan kaleng-kaleng yg menyatakan HAMAS adalah organisasi teroris. Yg bilang adalah 3 negara Islam: Arab Saudi UEA &amp; Mesir. KFC Starbucks McD kalian boikot walaupun banyak warga Indonesia yg bekerja di sana. Gue mau lihat loe punya nyali gak ngedemo ketiga negara tsb? https://t.co/3ZI8aXSpiS",negatif
"Kasih rating 1.0 untuk KFC Lamnyong yang udah ngetawain kejadian di Palestina. Miris banget guys Orang Aceh wajib boikot kfc Lamnyong!!! #AlleyesonRafah #boikotkfc https://t.co/oAptCWfnpH",positif
"btw gais ini emang kfc boikot ya karena kfc gaada di list bds /gen https://t.co/uPVAEjjuCQ",netral
"Moots mau nanya deh kalo berdasarkan list yang dikasih BDS ini berarti hitungannya kfc gak masuk produk boikot yaa? Beritanya lumayan simpang siur soalnyaa.. https://t.co/l7a29qr9ug",netral
"ga gitu juga sebenernya. fokus boikot sesuai target bds itu HARUS tapi kalo mau boikot produk pro israel yang ga masuk list juga boleh aku kasih contoh yang mirip dengan KFC kenapa ga masuk list tapi publik tetep nyuruh boikot. https://t.co/nQx22FMYTF",netral
"Kelompok boikot ini knp ya kekeuh dgn produk2 F&amp;B asal Amerika dan ga do some research ttg produk Israel? Pdhl mrk itu produk ekspornya mostly IT products. Klo mau bener2 boikot ya hindari utk memakai Google dll. Klopun Mcd KFC jatuh yg rugi US (itupun ga bnyk) &amp; bukan Israel. https://t.co/BVFOSH6fQu",negatif
"boikot mcd kfc mangan dkriuk bolo https://t.co/na8S7GtLI8",positif
"Andewe wes gencar2e boikot malah mertuoku ngongkon tuku kfc gara2 promo https://t.co/RHzH1mm6z7",negatif
"Beli SABANA......!!! Boikot KFC.......!!!",positif
"Simply karna org-org yg mostly indo itu hateful bikin males. Kalo boycott minimal gak usah marahin orang yang boikot apalagi org lagi makan/kerja dirusuhin. Kita semua cari rezeki yang kerja di stall mcd kfc starbucks itu ada yg muslim jg. Boycott gapapa asal gk ganggu.",netral
"Lu kata nge boikot kfc sama dengan stop makan. Ngeboikot artinya pindah warung. Pindah warung dri kfc ke umkm yg artinya ttp support org sini jg kocak",positif
"bukan salah orang yg boikot emang kfc nya yg ga becus manage karyawannya. emang selama ini pas lu semua beli kfc pada mikirin gimana karyawan cfc? gimana pendapatan penjual dkriuk d besto nikita?",netral
"Kalau boikot berjalan lancar (amin ya Allah) seharusnya McD jga kena tfie org milih ke McD drpd KFC ya berarti emang nyatanya KFC itu bukan target kebanyakan orang lagi yang boikot McD lebih banyak di banding KFC",positif
"pertanyaan aku bbrp hari ini ko orang tolol knp msh ada didunia ini ya mksdnya kaya masalah boikot yang gampang bgt anjir tinggal boikot kfc mekdi sbux sesusah itu kah?? pdhl ga beli itu jg gabakal mati lagian juga masih ada alternatif yang lebih murah + enak",positif
"mengingat Boikot KFC gw dah sering nemu konten jastip bundle Epep X Kaepci indo jir mana banyak lagi yg beli sialan",negatif
"Kelakuan Gen-Zero Indonesia yang paling Palesnistism 'en Hamanism ! Boikot Produk AS ??? Ironisnya KFC di Mekkah Laris Manies Gaes.... wkwkwkwk https://t.co/qiBIC4NOXz",negatif
"Tidak Masuk Daftar List Boikot BDS Benarkah KFC Diblacklist? https://t.co/7AVTFcSfzT",netral
"nah jadi pilihan masing-masing deh mau boikot ƒ∂FC atau gak. soalnya kata admin BDS begini. pokoknya fokus boikot list BDS ini aja ya guys. jangan boikot di luar BDS! biar lebih terarah dan gak ada perdebatan apa-apa lagi. https://t.co/L2aVgPs5et",netral
"BOIKOT KFC spt ini lah analoginya... https://t.co/H2IfYt6vLg",netral
"@kadrunmampos Orang Indonesia aja yg sok bela palestina dengan boikot kfc dan membuat saudara sendiri hilang pekerjaan dasar idiot",negatif
"lu ga beli kfc mekdi karena lagi boikot gw ga beli kfc mekdi karena dkriuk luwih enak ancok kita beda",netral
"@kadrunmampos Kfc ga masuk prioritas boikot sih ga sebahaya brand dibawah ini https://t.co/oxOUpaknoV",negatif
"hadeuh td lwt tl tp kelewat gini Klian yg koar koar free plstine &amp; boikot kfc ggr itu anak sy g perpnjg kontrak &amp; skrg nganggur pdl pny ank istri ntizen pd muka 2 njir. Bru godaan dajjal ringan loh itu",negatif
"Ngeri! Dampak Boikot Anti-Israel di Asia McDonald s dan KFC Alami Kerugian Hingga Tutup https://t.co/Ecod92aN0t #kfc #mcdonalds #boikot #anti #israel #rugi #tutup",negatif
"Boikot KFC di Indonesia. Ternyata KFC makanan favorit teroris Hamas. Makan tulang Palestina https://t.co/kHNlNz7BMk",positif
"Org boikot kfc bukan sbb ayam kecik dah sebenarnya tapi boikot kfc sbb bawah jcorp. Boikot jcorp.",positif
"tapi ya ngga apa ngga lantas langsung kok lo ngga boikot KFC sih! kan blablabla.. boikot atau ngga itu urusan dia pilihan dia.",netral
"Boikot nya tetep lanjut ya :) efek nya besar kok sbux daerah gw tutup krn efek boikot.. kalo kfc mcd udah gak serame dulu.. so istiqomah ya boikotnya.. Produk2 gak cuma dr 3 merk tsb jga loh..",positif
"anyway aku pro boikot tapi denger dari saudara ku yang pernah kerja di kfc juga begini temennya banyak yg kena phk karena boikot dan aku juga sempet mau kerja disitu tadinya dan saudara aku sendiri bilang jangan omset turun banget lagi banyak yg di phk",netral
"Saya dukung Palestina Merdeka tapi bukan bagian dari tim boikot produk yg indikasinya dukung Israel. Lagi pula KFC di Malaysia tutup Israel tetep bombardir Palestina. Boikot hanya perang dagang yg menggunakan perang sebagai alasan persaingan antar perusahaan",netral
"KFC Malaysia Tutup 100 Gerai Imbas Aksi Boikot Produk Israel. https://t.co/YA8buGyn0i",negatif
"McD dan KFC masih langganan arab muslim. Tidak ada boikot. Hanya Hamas pesek yang demo boikot tapi diam2 pesan online. Jiahhhh... https://t.co/LB6aMJUmkb",negatif
"kalau analisa saya sprtnya memang aksi bela palestina dan boikot kfc mcd starbucks dll itu buatan dari intel mosad israel sendiri tujuannya bikin rusuh negara yg ga terlibat shg berdampak pd ekonomi dan konflik. buktinya? tdk ada komentar/bantahan/upaya meredam dr israel",negatif
"Masyarakat yang boikot ga makan kfc juga tetep punya alternatif makanan lain tetap membeli makanan di tempat lain dan membantu menghidupi penjual makanan lain. Syukur2 malah meningkatkan umkm kuliner lokal. Pemikirannya jangan sempit hanya karena KFC brand besar.",positif
"Teruskan boikot KFC dan Pizza Hut.",positif
"Tokopedia gak diboikot lho kenapa justru banyak PHK karyawan? Sbux KFC &amp; McD banyak boikot tapi karyawannya gak banyak terancam. Jadi sebenernya isu boikot = bikin sodara sendiri di PHK itu gak relevan ya setan!",negatif
"Sekarang ni aku rasa ada sebab yang amat jelas utk boikot KFC. #ytjt",positif
"Emir Arab dng uangnya ingin membangun kerajaan bisnis yg sdh terlebih dulu dikuasai Amerika DKK (sejenis starbuck sejensi kfc persepakbolaan dll) Dalam membuat bangkrut pendahulunya mrk memanfaatkan MOMENT Palestina plus AJARAN Kebencian utk melakukan BOIKOT dan status HALAL.",negatif
"Gue biasanya klo temen gue konsum produk boikot gue tanya kamu tau ga produk ini diboikot? Trs dia jawab tau trs kami adu argumen gue kadang kaya udah cape yg penting udah ngasih tau. Tapi tdi Kaka sepupu gue makan KFC depan mata gue gue pengen nangis",negatif
"Ini kaya saling silang gak sih? Kek berkat boikot mcd KFC org beralih ke jatinangor. Jadi bantu para pekerja di jatinangor",positif
"So kena teruskan la boikot KFC",positif
"Wendys ni boikot ga yah gantiny kfc mcd yg ga boikot apaaa ges",netral
"ges mau nanya dong richeese sama kfc boikot ga??",netral
"@okezonenews @sosmedkeras Menurut gw mrk liat2 ig/tiktok tentang boikot mcd dan ada seseorang yg boikot itu mengatakan klo makan disitu sma sj memakan darah zionis mungkin mrk cma kesal aj karna ada org boikot sampe melakukan pemukulan sma org yg makan di mcd/kfc logika ga sih??",negatif
"anying padahal resto cikin di korea jg banyak berasa kiamat aja gak bisa boikot mcd kfc aneh",negatif
"Sejumlah Massa Aksi Solidaritas untuk Palestina Serukan Boikot di Depan Pintu KFC Cabang Kendari BACA SELENGKAPNYA DISINI ‚¨áÔ∏è‚¨áÔ∏è‚¨áÔ∏è https://t.co/XuEjuLEAnU",positif
"Bela Palestina bareng @Kemenhan_RI ini namanya baru jihad bukan nyuruh boikot Starbucks KFC dll yang justru menyengsarakan saudara2 kita yg kerja d franchise tsb https://t.co/r8IubOX4uP",positif
"Aku xpernah boikot KFC. tapi sejak ayam yang dipinta dh jadi burung puyuh aku stop beli KFC.. hahaha",positif
"Aku tim tetap boikot McD KFC Sbux dll walau dg dalih apapun tp lbh ke arah gak pny duit utk beli brg segitu Toh msh ada mknan lokal spt Hisana burger bangor/murder dll yg ga kalah enak kopi2an franchise lokal jg byk kok",positif
"Bermodalkan logika dangkal dia bilang BDS pro LGBT KFC dkk pro LGBT Maka BDS ga boikot mereka BDS gara-gara Pro LGBT.",negatif
"Gw boikot kfc karna empati sama korban genosida dan memilih beli ayam ke pedagang umkm. Masih mau nyalahin kustomer? Gua guyur pala lu!",positif
"kfc daftar yg harus di boikot juga kan?",netral
"Kaga elu dong njir wkwkwkwk gue boikot modelan mekdi KFC soalnya gue tiap makan itu pasti Aslam naik sama soda satu makanya gue berhenti minum itu habis gue ga makan sama minum itu jarang banget gue sakit maag",positif
"Dari dulu gue udh merasakan ini sebelum boikot. Buat gue menang nya franchise sbux mcd kfc bukan rasa tp lbh di fasilitas: 1. Di rest area/bandara pasti ada sbux dan kfc 2. Kalo ke kota lain ttp ada dan udah kenal rasanya jd ga gambling",positif
"@kadrunmampos lagian boikot boikot padahal yang boikot seumur umur blom pernah beli KFC / MACD / SBUCKS juga mentok nya teh anget ama gorengan di ARAB malah ngantri gini bingung juga yah",positif
"@bnsphrxyzzz Perasaan yg boikot teriak2 yg minum di sbux ama makan di kfc mereka semua peminum darah ama makan bayi palestina dah sekali di IYAiin ama bocil2 dongo malah tantrum semua gimana dah konsepnya",negatif
"Kelakuan Warga Sipil Zionis Israel Menghalangi Masuknya Bantuan Makanan Obat2 dll ke Gaza Rafah yg Sdh 7 bln Diblokade tanpa Listrik Air BBM Pasokan Makanan &amp; Obat2an. Terus Di Bom Maka Kita TERUSKAN BOIKOT Produk Pro Israel. McD KFC Unilever dll https://t.co/eXLSH9O4Xe",positif
"@iamjoelee Berita suruh kita boikot McD KFC tapi sendiri hiburkan keluarga Zionist terrorists",negatif
"Kalau KFC di boikot kalian juga jangan sampai menggunakan Wa dan Instagram karena Mark Zuckerberg memberikan bantuan kpd Israel. Knp tdk konsisten https://t.co/WvpWrMRcp3",netral
"Sebenernya tanpa gerakan boikot juga McD ini overpriced banget. Buat fastfood harganya kemurahan tapi buat gourmet kualitasnya ga memadai (dan kemurahan). Jadi sebenernya agak bingung pasarnya tuh yang mana",positif
"gini deh lu org gabisa kah klo ga ikut2an boikot tu diem aja??? kek.. gausah caper dgn ngomong ak gapeduli boikot2an ttp gasss lgsg lari ke mcd jajan kek... kenapa seakan2 seluruh manusia yg hidup tu hrs tau klo lu ga boikot",negatif
"Kalo barang masih oke sih mnrt w kalo gk boikot tp kalo masih ada yg marah2 grgr dihina gk boikot mcd n starbuck lu mmg parah sih. Karna mcd itu udh terangan2 bgst! Dan lu masih makan mcd lu emg bgst sih",negatif
"dampak boikot ke karyawan mcd itu dampak langsung jangka pendek. coba liat dampak ke ekonomi scr general boikot bikin org banyak yg beralih ke produk lokal makin kuat lah ekonomi kita. masa org2 kita cuma kebagian jadi karwayan mulu dukunglah umkm2 yg selama ini kalah saing.",positif
"Kalo ga mau boikot McD ya bisa diem aja ga sih cocotnye jangan pake bercanda darah anak Palestina",negatif
"boikot mcd kalo opsi subtitusi dan alternatifnya dkriuk kayaknya aku gk ada masalah. soalnya oke punya. https://t.co/XwdS8OsMMj",positif
"gue tiap dikatain lebay karna boikot mcd sbux dll tu bawaannya pingin nangis. mau marah ga bisa bisanya lgs nangis. asw asw.",negatif
"gue boikot elu mcd .. . elu pikir dong gak malu apa sokong genosida di gaza . elu hrs deal dgn mcd pusat ubah nama ubah %saham minta resep rahasia . harus kreatif berpikir . .",positif
"Skrg rasanya mirip kaya gini. Hah berat. Tapi gabisa lah udh bela¬≤in hampir 2 tahun gak konsumsi MCD dan mulai boikot totalitas demi kemanusiaan eh idol yg selama ini kudukung melenggang dengan masa bodo masih kerja sama dnegan brand¬≤ yg di boikot...ada yg gabener rasanyaaa",negatif
"Org org pada gembar gembor boikot mcd ni curut 1 malah bikin sg ngangkat ngangkat gelas mcd ewh dasar norak. Tau gak NORAK. Udah jelek muka jelek hati jelek penampilan dasar JELEK ALL OUT",negatif
"bgst mau marathon nonton netflix netflixnya malah kaga bisa dibuka ANJINGGGGH",negatif
"klo gini tetep boikot mcd ga?",netral
"Mcd tuh produk boikot!.. lupa kah? tetep boikot ya gais",positif
"kita boikot mcd dan starbux dah cukup",positif
"agak takjub sama diri ini udh lama bgt ga makan mcd semenjak boikot. dulu bener2 suka bgt mcd dan makan minimal sebulan sekali. sekarang Alhamdulillah gaada kepengen nya",positif
"Diluar negeri (Perancis) bukan cuma sekedar boikot tp udah ditahap protes ke gerai kayak gini sedangkan di Indonesia masih ada komentar aku liat ini sambil makan McD enak loh... https://t.co/ylFRnCZAgb",positif
"Jadi inget tahun lalu resign dari Maju Mapan pake konsep farewell di mcd (please note ini sebelum boikot ya) Aku menghabiskan 2 minggu di Jakarta buat wfc terakhir kali sama anak-anak kantor saying goodbye sana-sini bikin event piknik ditutup dg farewell dan karaokean https://t.co/a9HK6FLnAk",netral
"Ini kaya saling silang gak sih? Kek berkat boikot mcd KFC org beralih ke jatinangor. Jadi bantu para pekerja di jatinangor",positif
"eh ngakak bgt sama yg katamya boikot mcd tapi beli lego",netral
"kalau analisa saya sprtnya memang aksi bela palestina dan boikot kfc mcd starbucks dll itu buatan dari intel mosad israel sendiri tujuannya bikin rusuh negara yg ga terlibat shg berdampak pd ekonomi dan konflik. buktinya? tdk ada komentar/bantahan/upaya meredam dr israel",negatif
"I love mcd s panas special and mcnuggets dan sampe sekarang belum bisa nemu pengganti nuggetnya tapi ya balik lagi kalau boikot itu juga asalkan niat dan mau dan kalau udah niat dan mau you will find great alternatives yang kalah enak dari favoritmu.",negatif
"@okezonenews @sosmedkeras Menurut gw mrk liat2 ig/tiktok tentang boikot mcd dan ada seseorang yg boikot itu mengatakan klo makan disitu sma sj memakan darah zionis mungkin mrk cma kesal aj karna ada org boikot sampe melakukan pemukulan sma org yg makan di mcd/kfc logika ga sih??",negatif
"Tokopedia gak diboikot lho kenapa justru banyak PHK karyawan? Sbux KFC &amp; McD banyak boikot tapi karyawannya gak banyak terancam. Jadi sebenernya isu boikot = bikin sodara sendiri di PHK itu gak relevan ya setan!",negatif
"Wendys ni boikot ga yah gantiny kfc mcd yg ga boikot apaaa ges",netral
"siapa yang kemarin heboh boikot-boikot mcd tapi lagi ada musibah listrik padam langsung ke mcd numpang isi daya? HAHAHAHA memeq",negatif
"People ngebacot : boikot starbucks boikot aqua boikot mcd boikot bear brand sampe ada artis verified ikutan demo demi igsnya doang. While for papua they are all silent. For geruduk2 org ibadah u guys are silent. Lol",netral
"Mau cerita deh ttg McD ini. Dua minggu sebelum Serangan Oktober pecah dan ada boikot. Aku sm temenku ke McD. Dia tuh org yg jarang ke tempat2 fast food kyk gitu pengen cobain McD pertama kali. Kebetulan waktu itu habis ngurus apa gitu terus ya pengen nyoba.",netral
"anying padahal resto cikin di korea jg banyak berasa kiamat aja gak bisa boikot mcd kfc aneh",negatif
"McD di Paris Prancis di geruduk para demonstran pro palestina Ini negara non muslim ya Genk Dan bukan negara arab Indonesia apa kabar boikot nya ??? https://t.co/IKlnQa0Say",positif
"Info dong kentang goreng yg lebih enak dari mcd hehe saya mah ikut boikot mcd makanya gamau beli disitu. Mohon infonya",positif
"dulu tiap bingung mau makan apa selalu aja beli mcd tapi sekarang krn boikot jadi beli hisana ayam bu tumbar ayam bakar sriwedari dll. jadi tau olahan ayam yg enak lainnya bahkan lebih enakÔ∏èÔ∏è",positif
"gw boikot sb mcd dll. tapi ngeliat ginian beneran gemes rasanya pengen tak tarik keluar.",positif
"kenapa rame2 boikotnya baru sekarang ah kalian aja kali baru tau boikot mcd udah aku denger dari aku masih SD alias tahun 2000an. Seterusnya pun sering dianjurkan. Kalian aja milih tutup mata tutup telinga karena mikirnya konflik agama kan",negatif
"Mcd yg baru buka di perumahan deket rumah jg sepi hampir ga pernah ada motor mobil di parkiran yg ngantri di dalem apalagi. Padahal sebelum ada boikot w pun nunggu momen biar bisa beli mcflurry. Pun opsi jajanan di sana tu buanyakk bgt jadi ga susah buat ga jajan di mcd.",positif
"bjir junk food murahan aja lu dewain segitunya ini jionis pada ngatain yang boikot gak mampu beli mcd lah mereka timbang makan mcd aja segitu ngedewainnya padahal makanan murahan",negatif
"Israel Terus Gempur Gaza McD Cs Rugi Besar Digempur Gerakan Boikot https://t.co/ub7WkLZuBD",netral
"JAHATTT ANJING JAHATTTTTT temen gua ada yg masi beli mcd dll gue ga ikut campur boikot urusan masing2. tapi ini jahat bgtttt sakit hati liatnya",negatif
"Aku tim tetap boikot McD KFC Sbux dll walau dg dalih apapun tp lbh ke arah gak pny duit utk beli brg segitu Toh msh ada mknan lokal spt Hisana burger bangor/murder dll yg ga kalah enak kopi2an franchise lokal jg byk kok",positif
"boikot mcd/starbucks adalah aksi tergblok sepanjang masa",negatif
"CW KPOP yng masih blng boikot itu gk berguna Guys now banyak idol yng di bayar sama sbux ada yng sama mcd juga. Artiny brand2 itu udah mulai kewalahan n lagi gunain pasar kpop krn skrng emang lagi happening bgt. Jd jng berhenti buat boikot guys https://t.co/HXlIsY3d1m",positif
"Di Malaysia BOIKOT sangat efektif. Banyak cabang Starbucks dan McD bangkrut Di Malaysia Muslimnya lebih kompak dikonoha banyak pesek https://t.co/tO9Wmj8gG3",positif
"Nih yg ribut Boikot MCD pada kemana neh kok pilih kasih kalau ada satu pabrik tekstil PHK karyawan bela kek atau apa kek jangan kita boikot produk Israel teriak yg ada karyawan muslim di PHK sementara yg ini kalian diem aja dasar dungu pro zionist",negatif
"@Moximeli @erlanishere boikot itu berguna loh. Klo perusahaan2 nya ga dapet income mereka gabisa nyumbang dana ke Isriwil. fyi aja ni kalau antum belum tau mcd itu nyumbang ke Isriwil loh buat dana alat penghancur Palestin. Jadi kalo boikot Mcd pemasukan Isriwil berkurang.",positif
"emang sih kita ga bisa suruh semua ikut boikot mcd yaudah lah terserah mereka. Tapi yg bikin miris kalo ada kata kata enak makan daging palestina ini beneran minim empati si.",negatif
"Another contoh baik they do whats comfortable not whats right Banyak fans kpop teriak kenceng boikot mcd sbux dll sampe bully segala. Tapi mereka sendiri masih beli merch kpop dan bahkan masih nonton konser mereka?!?! Applaud to this twit",negatif
"4 Alasan Memboikot McD dan Starbucks untuk Melawan Zionis itu Harusnya Mudah Dilakukan #TerminalMojok https://t.co/5EjyqektPH",netral
"@Mdy_Asmara1701 mana ini yg kmarin ikutan triak triak free palestine ? yg ikut ikutan boikot Starbucks McD ?? brangkat lah ... masa iya gak brani ??? cm brani di negara sendiri ???",negatif
"@Dionysuss01 @duniauli sayangnya ga semua orang kayak kamu kak. bahkan sarkasan/candaan itu asalnya dari bbrp orang pro boikot. tiap ada konten orang yg lagi makan ph/ mcd pasti ada komentar bau amis ngga ka? bau darah ngga ka? enak ya makan daging manusia",negatif
"Boikot boikot kentang mcd sek enak cok",negatif
"Gerakan besar emang lahir dr kekerasan tp ya asal tepat sasaran Krn pada refer ke video orang boikot mcd di Perancis pas cari2 alasannya malah nemu klo McD dah lama dibenci orang sana ada artikel taun 2018 di Jakpost. Mungkin kek love-hate relationship",negatif
"Kelakuan Warga Sipil Zionis Israel Menghalangi Masuknya Bantuan Makanan Obat2 dll ke Gaza Rafah yg Sdh 7 bln Diblokade tanpa Listrik Air BBM Pasokan Makanan &amp; Obat2an. Terus Di Bom Maka Kita TERUSKAN BOIKOT Produk Pro Israel. McD KFC Unilever dll https://t.co/eXLSH9O4Xe",positif
"Dampak Ngeri Boikot-Anti Israel Terlihat di Asia McD Cs Rugi-Tutup https://t.co/qSjsrMB5T6",negatif
"bisa bisanya sohib gw bilang padahal kalo mau boikot gausah ajak ajak ya kasian karyawan mcd",negatif
"McD Jakal ini sebelum ada gaungan boikot beneran tempat yang mustahil buat sepi well ternyata beneran bisa üáµüá∏",positif
"@altazaro @bersama99_net @AmbarwatiRexy Ya die benerlah lu blg boikot itu pilihan masing masing tapi org makan mcd atau mnm kopi diseruduk bela Palestina tp kelakuan pun sama barbarnya sama Israel. Pdhl yg pakai istilah darah Palestina itu kalian sendiri.",negatif
"wkwkwkwk solo project taeyong di boikot walo udh speak up ada idol yg collab sama McD tetep aja dibuka PO albumnya wkwkw milih2 juga ternyata boikotnya",negatif
"@barubikinlol Sumpah kek norak banget dah mereka beli mcd cuma buat ngeledek yang boikot padahal mah mcd biasa aja anjir enakan five monkey bangor dll udik udik kampung",negatif
"@vesicaafellea Too much. Ini cuma McD. Dari sebelum ada boikot-boikot gua yakin kebanyakan orang juga tau menunya dan pasti pernah makan juga. Jadi tanpa dispill juga orang uda tau jir wkwkwk",negatif
"@georgia_mis @fullmoonfolks gue dari sering beli jadi berenti sih ngomongin boikot nya sebatas di internal pertemanan dan kelurga aja selebih nya sering nolak pake cara lg ga pengen starbucks atau mcd atau apa lah itu soalnya gak mau ribetin diri sendiri kalo misuh2 wkwk",positif
"@masitanut @djancyuk @faizgoro @roarrrgh @sisthaaaaa Betul. Begitu pula sebaliknya brand2 yg terafiliasi untuk sumbangan dana secara universal contohnya McD mengganggap boikot jadi pressure sosial tersendiri untuk citra brandnya. Di Indonesia McD Indo sampe menyatakan dukungan bahkan ikut ngasi sumbangan dana juga.",netral
"terakhir gue minum sbx tuh sept tahun lalu gak makan mcd dah dari tahun lalu juga alhamdulillah gak kenapa-kenapa gue BOIKOT MAH BOIKOT AJA gausah alesan ah gak biasa gue minum kopi selain sbux ah gak biasa gue makan burger selain mcd HALAH BACOT LU GAK NIAT BOIKOT ITU",negatif

"@vrixxz @odydc Iya bisa jd begitu. Gw udh lama langganan mcd dlu bisa seminggu sekali beli tp makin kesini banyak brand lokal yg rasanya mirip /sama enaknya dg harga lbh murah dan potongan ayam lbh gede. Ahirnya mulai pindah deh jd pas boikot tuh emg udh jarang beli",positif
"@cingreborn Tolol parah plis boikot dari kerjaan apapun sumpah masa bisa setolol ini.. oke sok makan mcd tp gaperlu blg apa2 pls???",negatif
"@kegblgnunfaedh Sy gak boycott sih. sebelum ada aksi boikot udah lama gak ke mcd kfc apalgi sb. Ya buat apa?? Jangan salah2in boikot. Salahin tuh strategi manajemen mu yg bosenin. Ngerasa makan di mcd kfc adalah makanan mewah padahal saingannya itu bejibun. Sabana olive dll..",negatif
"@alvR_001 @WatchmenID aku ttp nonton sih udh di nanti¬≤ soalny utk boikot aku ikut jg kek baned Starbucks KFC Unilever McD utk film aku ndk soalnya yg blg ban Dsny TPI mlh nntn Netflix pdhl merka sama ae :)",netral
"@ratchaneefy @mbahnya_UN @vesicaafellea Menurut gw hal gni tuh 2 mata pisau. Lu pke sosmed biar bisa menebar awarness tp penggunaan sosmed jls2 masuk kantong zionis. Lu boikot MCD dll utk menutup uang msuk ke israel tp lu matiin sodara seiman yg kerja di McD. Jadi be wise aja sih",netral
"You know what ? Gua ngerasa lu pada gak fokus ke boikot lu pada cuma gak mau idol nya kena drag gegara colab. Kemarin kemarin yang jadi BA BA segala macem lu pada gak serame ini njir ?? Apa tau nya produk yang diboikot tuh sb sama mcd doang ??",negatif
"Viral Bocah Makan di McD Sambil Mengejek Palestina dan Gerakan Boikot https://t.co/76ZraflOmU",netral
"Makin yakin dengan boikot Danone Aqua",positif
"Saking mesranya danone dengan israel gw fokus untuk boikot Danone beserta yang lain nya termasuk Aqua",positif
"Udah dari dulu gw boikot Danone Aqua",positif
"gua ikut boikot produk yg bisa gua hindarin cuma kalo aqua kayanya ga mungkin gua boikot temen gua lebaran kmren ga megang uang karna sales aqua turun drastis :)",netral
"Boikot Aqua di karna makin erat dengan israel",positif
"Boikot Danone Aqua",netral
"Tetap boikot Danone Aqua supaya induk Aqua si Danone tidak bisa mengalirkan dana ke Israel !!!",positif
"Peluang boikot Danone Aqua makin tinggi gais",netral
"Boikot Danone dan turunannya seperti Aqua",positif
"Di daerah kost jualnya cuma aqua sama le mineral sama isi ulang sendiri. Nyoba yang isi ulang ga cocok rasanya mau tetep aqua aja tapi boikot mau le mineral ko ya nyampah banget",negatif
"Gw sih lebih baik boikot Danone AQUA dari pada berdosaa",positif
"Gass boikot Danone Aqua produk pro isriwil haram",positif
"Sebenernya aqua itu masuk list boikot engga?",netral
"Harus banget boikot danone Aqua kita ini karna memang di kenal bermuka 2 nya",positif
"Sayang bgt mereka gak mengerti betapa mengerikan nya israel kita sebagai muslim wajib untuk boikot Aqua",positif
"Danone aqua jelas gak etis dan makin yakin untuk boikot danone aqua",positif
"Selagi mampu boikot produk terafiliasi seperti danone Aqua kenapa nggak",positif
"Gak tertarik sudah dengan danone Aqua karna sudah gw boikot diri",positif
"jgn lah kalian berputus asa dengan boikot padahal boikot berdampak baik bagi nasional dan juga Palestina Tetap boikot Danone Aqua",positif
"Dan kalau dilihat perkembangannya lembaga YKMI ini emang sangat progresif dan relawan2nya militan banget untuk urusan yg menyangkut Palestina. Tapi aku tetep ga nyangka sih mereka akan seberani ini mengkampanyekan boikot Danone Aqua langsung di depan stand promosi produk tsb. https://t.co/Ett0KXtqvG",netral
"Boikot danone Aqua geram banget gw",positif
"Boikot produk pro Israel Danone Aqua",positif
"Boikot aja emang tuh Danone Aqua Meresahkan",positif
"gaada yg mau boikot timnas mereka minumnya aqua tuh awowkwowk #TimnasDay",netral
"Boikot Saja Aqua padahal sudah jelas kalo Aqua terafiliasi israel masih ada aja yang ngasih panggung",positif
"Emang bikin heran. Bisa2nya mereka ngaku gak diboikot padahal jelas investasi di Israel. Gede lagi investasinya Ngeriii Kalo gw sih udah pasti boikot nih brand. Udah jelas strategis banget posisi Aqua ini jadi penyokong Israelll @sehatAQUA https://t.co/rNOwKa5eHx https://t.co/J0BFPoK4sB",positif
"jangan biarkan produk zionis dikasih panggung yang ada mereka akan menjadi jadi tetap konsisten boikot produk seperti danone Aqua",positif
"kemarin catut nama tanpa izin dari sini aja bisa ngeliat arah tujuan agar tidak di boikot itu pasti Danone aqua",netral
"@sehatAQUA Tapi jangan cuma boikot Danone Aqua doang. Boikot juga yang lainnya!!! Buat yang masih bingung boikot apa aja boleh dicek daftar boikot yang udah dikeluarin YKMI di sini. Gak cuma Danone Aqua Free Palestine üáµüá∏ @sehatAQUA https://t.co/tb9IKRp8iX https://t.co/vnsBamm1qP",positif
"Sampai kapan pun Danone Aqua akan terus di boikot",positif
"Boikot danone Aqua setiap yang kalian beli mengandung darah palestina",positif
"@txtoranggabut Please ya manteman jangan boikot Aqua lagi karena benar¬≤ Aqua dukung Palestina.",negatif
"boikot aqua gaje",netral
"gw mau boikot aqua tpi asam lambung kumat beli di warung adanya aqua ya suda ak beli. klo maksa beli yg lain cenut cenut ni perut. tdk sarapan dn lupa bawa minum",netral
"@sehatAQUA Jngan sampai kita kalah sama mbak mas YKMI yang bangga dan berani ajak boikot Danone Aqua di depan acaranya langsung Gak cukup kita cuma posting All Eyes on Rafah di media sosial. Harus juga ada aksi nyata bantu Palestina. Cara gampangnya boikot produk2 terafiliasi Israel. https://t.co/SyzidsWVxn",positif
"Tadi beli camilan di Alfa***t bareng anak dan tayangan promo di belakang kasir ialah Bear Brand dengan BA: Nicholas Saputra. Nestle (Bear Brand) &amp; Danone (Aqua) itu masuk daftar boikot karena mendukung Israel. Promosi silakan. Boikot tetap jalan. https://t.co/rgwUYPjlbN",positif
"Makin gw untuk boikot danone Aqua",positif
"Boikot Aqua selama Danone berpihak Zionis",positif
"@txtoranggabut Mantap Aqua yang selalu terus menerus dukung Palestina dan semoga semuanya melepaskan boikot Aqua.",negatif
"Rill itu dipikir kenapa aqua mendadak bikin iklan pake pekerja mereka yg udh kerja puluhan taun dan pake embel2 Indonesia asli??? Ya karna boikot ini laaahh",negatif
"Sejumlah aktivis yang tergabung dalam Solidaritas Mahasiswa Untuk Rakyat Palestina (SMURP) menyerukan aksi boikot produk terafiliasi Israel di dalam agenda kegiatan Karnaval Sehat Aqua yang berlangsung di Plaza Barat Gelora Bung Karno (GBK) https://t.co/GUnuGdSMjT",positif
"tadi gue ke indomaret rencana mau beli air botol. sumpah semua merek air lokal abisss sisa si aqua aja yg menggunung. mantapppp boikot terusss",positif
"Kelakuan produk zionis emang beda harus bgt kita boikot danone aqua",positif
"Boikot ges inget danone aqua itu terafiliasi",positif
"Skin aqua tuh boikot ya?",netral
"People ngebacot : boikot starbucks boikot aqua boikot mcd boikot bear brand sampe ada artis verified ikutan demo demi igsnya doang. While for papua they are all silent. For geruduk2 org ibadah u guys are silent. Lol",negatif
"cuy skin Aqua tuh boikot kah???",netral
"yang udah boikot gak salah emang Danone aqua licik bgt",positif
"diem deh bapak yg melanggengkan kerjasama ama aqua pdhl kita lg boikot",negatif
"@noopiieeeeee Boikot #aqua",netral
"i'm discovering today that my classmates aka temen prodi esp yang laki masih anti boikot. bitch what argumen dia kalau mcd diboikot karyawannya yang kena CLASSIC ZIONIST. ada yang gw lihat fyp tiktoknya ngebicarain aqua dan korelasi sama airnya dari subang (cont-)",negatif
"Sebetulnya boikot itu wajib atau gak guys? Aku mau ikut boikot tp bapakku kerja di aqua ottokeh:( Tp aku 100% pro palestine kokk",netral
"@kaptenAmercia dari awal jg ga percaya dan gaikut boikot aqua ternyata bener kann tuhh",negatif
"Aqua danone lagi kena boikot juga btw",netral
"Mau boikot boikot tapi aku ketergantungan AQUA",negatif
"@kaptenAmercia stop boikot aqua udah jelas bgt nih statementnya",negatif
"@sayyang___ Gk pernah mau asal boikot aqua kalo gk ada bukti dan bener kan",negatif
"@kaptenAmercia bener kan. udah ga perlu boikot aqua lg udh jelas nih statementnya",negatif
"@yangbikinrinduu Aku udah ga boikot aqua lagi udah sadar kalo aqua itu dukung Palestina. Yuk manteman stop boikot aqua",negatif
"@cursingname a-apakah karena boikot aqua?",netral
"sudah selayak nya danone Aqua itu untuk di boikot",positif
"@Bersajak_id Stop boikot aqua dong sudah jelas selalu dukung palestina dan kasi banyak bantuan lho",negatif
"@Bersajak_id kita pun juga harus pinter biar gak kemakan hoax jadi wajib cari berita valid perihal boikot aqua ini",netral
"@Bersajak_id Emang jaman sekarang berita hoax ada dimana mana jangan asal percaya ya guys jangan boikot aqua",negatif
"@txtoranggabut finally aqua tegas juga kalo mereka tuh pro palestine. stop boikot aqua",negatif
"@matyhir Udah stop boikot aqua yuk. Baca nih artikelnya. Dia udah bela palestina lohh",negatif
"@Bersajak_id @UrFavBoy0810 Yuk kita sama2 support yg emang supoort palestina jangan asal main boikot aqua",netral
"@matyhir Yuuk literasinya dibanyakin lagi nih yang masih boikot aqua. Baca nih kalo aqua dukung palestina",negatif
"@matyhir Masih banyak banget yang ke makan hoax ya. Kasian lo karyawan aqua ikut kena dampak. Yuk stop boikot aqua",negatif
"@sayyang___ Nah kan jelas-jelas lho Aqua gak ada kaitannya dengan Israhell malah bantu Palestine. Ayoo yang salah boikot balik Aqua dulu",negatif
"@sayyang___ iya aku dah baca beritanya pas rilis. Aqua memang ga masuk daftar boikot karena aqua dukung palestina",netral
"@matyhir Aqua sudah banyak membantu dan memberikan bantuan kemanusiaan untuk Palestina jadi saya gak pernah boikot produk Aqua",negatif
"@matyhir iya pliss jangan asal boikot aqua dukung palestina loh. harus bijak milah informasi yang ada sekarang tuh dikit2 hoax",negatif
"@sayyang___ Aqua Danone dari dulu setau ku pro Palestina loh udh banyak beritanya makanya saya gak pernah boikot produk aqua",negatif
"@kaptenAmercia Nah bagus biar jangan salah lagi deh main boikot aqua",negatif
"@kaptenAmercia nih ya pada baca yg kmren boikot aqua udh kasih statement jelas nih",netral
"@kaptenAmercia Yukk gaess stop boikot aqua aqua udh ksih statement kalo mereka pro palestina",negatif
"@sayyang___ Yuk jangan boikot aqua lagi karena dia membantu palestina nih guys",negatif
"@kaptenAmercia Mana nih para netijen yang boikot aqua kemaren? Udah pada baca artikel ini belom? Baca gihh",netral
"@sayyang___ Udah banyak donasi masih aja kena boikot. Kasihan aqua nih guys. Stop boikot yuk",negatif



"Oreo deh lagi boikot soalnya.",positif
"Ternyata di sakinah ga boikot oreo",negatif
"kentang goreng tuh cocok woy dimakan sama mcflurry oreo tp mcd di boikot sih wkwk",positif
"oreo kena boikot. es oreo favku diganti ap yhh? :((",netral
"kalian nggak tau kalo oreo di boikot? gws deh",negatif
"semalem belanja ama temen terus kita ngobrol pingin oreo banget ga sii iyaaa tpi boikot ya boikot",positif
"masih walaupun rindu double spicy burger dengan oreo mcflurry mekdi tapi boikot tetap boikot huhuhu",positif
"oreo tuh boikot ya? mau beli yg collab sma pokemon . . .",negatif
"jadi inget dulu waktu sd udah mulai diajarin buat boikot brand. dimulai dari produk yang biasa anak kecil beli kaya oreo nestle cola pepsi. tapi anak umur segitu belum paham alasan kenapa harus boikot dan mungkin cara guru jelasin ga gampang diterima siswa jadi masih suka beli",positif
"dpt undangan dari oreo mereka produk boikot kan ya?",netral
"oreo di boikot kan ?",netral
"pdhl aku dah nahan diri buat ga beli oreo grgr di boikot jdnya kan las dikasi org seneng gt akhirnya bs mam oreo lg setelah sekian lama boikot TRUS DIKASIIN ORG BABI",negatif
"LUPA OREO PRODUK BOIKOT AAAAAAA",netral
"salah satu produk boikot yg gue kgn banget adalah OREO",negatif
"Kecewa bgt kalo liat orang yg ga boikot ponakan gw yg kecil aja boikot oreo yg biasanya ada di rumah gw tiap lebaran tahun ini ga ada karena boikot dan itu dia minta lngsung trus kalian yg udah gede hanya secuil es krim m*d pun ga mampu nahan hawa nafsu #blockout2024",negatif
"kesel banget ngasi tw temenku tentang produk produk yg diboikot kaya sampai kapanpun dia gabakal ngerti kayanya wkwkwkw. bilangnya kalau semua diboikot kita makan apa padahal banyak alternatif makanan yg gabeda jauh kaya boikot oreo ada goreorio",negatif
"meski bawa2 Pokemon tetep boikot oreo.",positif
"bgst ini penumpang belakang ngelawak mulu anying : lu mo oreo gak? : boikot cuy dia dukung israel : eh ajg lu tadi makan mcd kampang ujung2nya tetep makan oreo",negatif
"Ges slai olai gx masuk daftar boikot gx? Soalnya mak gw beliin itu setelah oreo gx di bli lgi",positif
"Wah repnya... Alhamdulillah Soalnya pas ada menfess oreo pikacu ini di base lain (lupa base apa) hampir gaada yang rep soal boikot (atau emang gaada ya?). Isinya cuma rep lucu lucu gemes enak gitu... (Jujur mau rep waktu itu juga sungkan takut party pooper maaf)",netral
"kami gk mau buruk sangka tp ini sering terjadi. tiap ada kucing liar yg kami rawat seminggu krg tb2 hilang &amp; gk terlihat lg. sepertinya dibuang tetangga. soalnya tiap hilang tiba2 sj diberi banyak oreo seakan utk menyuap kami supaya tidak marah tp oreo pun produk boikot",netral
"Ya Allah guee lupaa Oreo di boikot kan yaa buset dah mana we kmrn makan itu. Oke next kita gak boleh jajan Oreo lagi!",positif
"Ngl gw dlu itu suka banget sm Oreo sampe akhirnya tau Oreo produk isriwil. Dlu itu gw bisa aja tiap bulan beli se kardus saking sukanya. Tp krn sekarang di boikot yaa jelas gw ikut boikot lahh. Trus akhirnya gw cari alternate lain yg mirip oreo gt but the taste ain't the same",positif
"hallo aku mau tanya dong kan kita dsn kebanyakan ya orang' indo juga masih pada pake barang' boikot terutama Starbucks McDonald's atau jajan alfa Indomaret yang di boikot seperti Oreo tapi kenapaaaa kok idol langsung diserang yaa diskremer bukan pembelaan cmn tanya sajaa",netral
"kalo misal kita udah beli produk non boikot semacam point coffee tapi belinya minuman cookies and cream sedangkan cookiesnya biasanya Oreo. itu gimana jadinya?",netral
"fullcream + oreo seenak itu .. tp oreo boikot jd fullcream + goriorio",positif
"Alternatif oreo apa ya ngidam berat tapi boikot.",netral
"sedih gabisa makan oreo karna boikot TAPI LEBIH SEDIH ORANG-ORANG DI PALESTINA HUHUHUHU",negatif
"Sbux kfc mcd dunkin gaada di bjn Nscfe kagak doyan Ph cadburry kagak punya duit buat beli Bango aku pakenya kecap laron Soda2an mulai nyoba ngurangi konsumsi jadi belom beli lagi sejak boikot Paling cuman galon aqua sama oreo itupun sisaan bulan kemaren belom abis2",netral
"Internet disana lebih kenceng. Mana mungkin ga tau bjir. Mas2 creepes langgananku aja berenti pake oreo karena di boikot. Masa orang sana yg udh melek teknologi ga tau",negatif
"Since oreo msih kena boikot AKU NEMU DUPENYA CUY ENAK BETUL",positif
"Beli nabatinya aja yaa yg oreo boikot",positif
"gg jg oreo keluarin pokemon biar orang lupa kalau itu salah satu produk yang kena boikot",netral
"KARENA MILO SM OREO BOIKOT SO GUE BAKAL GANTI USNM. SAY GOODBYE",positif
"W kan baru buka warung ya. Terus gue belanja tuh apa aja yg dijual. Pas udh buka otomatis jajanan w tata dong dietalase. W lupa klo lgi boikot produk isr!wil ini. Eh w malah beli oreo softcake dong itu juga dikasih tau sama anak2 yg jajan ke warung gue Yaallah maafkan saya",netral
"adek gue yg masi sd aja bener¬≤ semangat tentang palestina beli bendera palestina ga mau makan oreo dia tau itu di boikot katanya",positif
"halah All Eyes On Rafah All Eyes On Rafah LU NOH MASI KE MCD AMA PACAR LU TIAP WEEKEND ngentot. udah staun lebih gua kaga makan makanan kesukaan gua (McSpicy Chicken McFlurry Oreo) krna boikot bsbsnya ada yg terang2an bli McFlurry di up di sg lagi ngentot",negatif
"ya allah sbnernya aku pengen banget oreo dari 2 minggu yang lalu tapi ga boleh hrus still boikot aku bisa aku kuat aku keren",positif
"Adalah hal yg berat ketika gw memboikot KFC Pizza Hut Oreo Walls Kraft Cadbury Toblerone dll semua produk itu kesukaan gw sejak kecil tapi gw tetap harus boikot permanen",positif
"Kangen bgt mau makan oreo tapi masih boikot",negatif
"ini oreo kena boikot ga sih lupa.. ada OREO x POKEMON BJIRRRR pingin",netral
"Tbtb kepingin oreo tapi produk boikot",netral
"Cuman awareness boikot ini gak sampe daerah kecil ya aku kemarin di semarang oreo bahkan sampe jatuh harga banget giliran pas pulang aku lihat masih harga normal beberapa produk yang kena boikot juga begitu..",negatif
"sementara ini produk jualan aku yang kena boikot cuma oreo crumb yang lainnya alhamdulillaah lulus sensor",netral
"Sejak boikot oreo.. nabati boleh replace oreo sedapppp",positif
"Hgjgkfnfbdjzndhsn kan gw kl masalah boikot produk ikutin acuan @BDSmovement ya nah gw mau beli oreo soft cake buat berbagi eeeh g boleh gr kraft salah 1 produk yg di boikot tulung info kl emg produk itu pro israel gw g update karena acuan gw cm dr bds movement itu",netral
"bm oreo goren tpi lgsg keinget klo oreo kn di boikot hiks",negatif
"susah boikot oreo karna sesuka itu",negatif
"Kebita banget pengen beli oreo yg pokemon tapi masih nahan-nahan kuat buat nge boikot",positif
"Gapapa deh boikot mekpluri. Mixue oreo enak tsayyy",positif
"@tanyakanrl berhubung boikot oreo lumayan nder topping oreo gratis itu",netral
"Tiktok isinya beneran banyak yg kurang edukasi soal boikot produk2 yg kerja sama dgn zionis ada vt orang lagi unboxing Oreo yg kerja sama dgn kartu uno. Trus beberapa komen ada yg ingatin soal boikot yg ingatin malah disalty-in.",netral
"@convomf Orang mah boikot mcd oreo kfc dll tp orang2 kaya belinya langsung dior ysl channel(?) dll hahaha lucuu bgt kita boikot mati2an tp ada aja orang ignorant",negatif
"kemarin ak pen beli es klim oreo yg biasa ak minum tapi itu di boikot yaa yaudah gajadi bener ga sih oreo itu di boikot???? let me know",positif
"Yukk bisa yukk terus boikot sbux mcd unilever (lifebuoy pepsodent sariwangi abc royco aqua walls molto rinso dll) kfc pizzahut burgerking danone oreo cocacola sprite nestle nescafe kokokrunch fanta milo pringles garnier loreal nivea kraft vaseline dll",positif
"Biasa yang dipajang di kasir kinderjoy skrg Oreo pun. Boikot ngaruh! Mereka jadi promo gencer banget.",positif
"Aku suka oreo tp sedang ku boikot apakah aku bisa menikmatinya lagi?",positif
"Oreo ada Pokemon punya edition la harey aku tengah boikot ni",positif
"hallo sobat -unj !!! kami ada danusan menarik nih!! jadi kita ada niatan jual oreo goreng tapi dikarenakan kami sedang menjalankan boikot produk tsb kami ganti jadi goriorio goreng ada yg minat ga guys? kalo minat boleh rep di bawah ya oh iya satu pack (cont)",positif
"Karna oreo di boikot aing jd mam goriorio.",positif
"bangga sama bang windut dia takedown video collab sama oreo karna masuk ke dalem list boikot",positif
"Udah ga makan Oreo lagi nder dari dulu soalnya eneg aja gitu tapi Alhamdulillah dah ada kasih tau Oreo ini di boikot jadi lanjutin aja dah",positif
"Pengen oreo tapi oreo boikot. Ujian dunia",negatif
"Akuu masih boikot sampe ke produk sehari2 ataupun makeup skincare kaya garnier unilever nestle loreal maybelline cadbury oreo danone",positif
"Gk beli oreo pikachu karena tetep boikot kartu bisa difotocopy kok...",positif
"Kalo aku pribadi selain boikot produk yang tertera aku berusaha sebisa mungkin buat gak beli produk yang terafiliasi lainnya kaya oreo lifeboy carnation dll. Aku gak mau uang ku dipakai untuk membantai manusia even itu cuma seribu atau dua ribu. Aku percaya kalau niat-",positif
"Knp oreo harus produk israel yg di boikot kah..",netral
"oreo yg pikachu enak bgt lagi tapi kata bunda gua oreo boikot kah????",netral
"ya Allah ampuni ak blom bisa boikot oreo sm nutella soalnya dibutuhin di olshop ak ya Allah",negatif
"Setelah tau kalo MCdonald Burger King KFC dll yg sbg penyumbang buat Israhell Gw yg dulunya kemana mana harus beli salah satu dari itu Alhamdulillah sekarang gw gk nafsu gw liat aja udah muak Selain gk sehat kita jg bisa bantu saudara Palestina dg boikot #FreePalestine https://t.co/fVXFoG35tH",positif
"Aku suka aku suka makan Burger King. (Capres 02 Prabowo Subianto) Waduh Bapake! Burger King itu masuk daftar boikot netizen karena Burger King mendukung Israel serang Palestina #DugaanKorupsiKemenhan #DugaanKorupsiKemenhan https://t.co/tCo7aiuQEj",negatif
"Pak ayo boikot Burger King https://t.co/FCzf5emdRc",positif
"Emang gk terkontrol org ini Kepleset lg Burger king kt boikot krn pro israel lo malah terbuka bilang suka Lo pro israel jg? https://t.co/0wMO7Iuq7b",negatif
"logika dari gerakan boikot bertujuan memberikan tekanan secara ekonomi agar negara yang diboikot dapat mengubah putusan atau tindakan yang dinilai konsensus tidak adil dan tidak benar. #BoycottProdukIsrael EndIsraelsGenocide Arab Saudi Burger King Yaman #FreePalestine US and UK https://t.co/sUQrVQxP25",netral
"@tempodotco Wah pak jangan dilanjut ya yuk boikot Burger King https://t.co/7cIyQekNUd",positif
"Setiap dikasih mic selalu ada aja blundernya eyang ini. Burger king pdhal posisi nya mendukung Israel sehingga sedang di Boikot sama umat Islam di Indonesia sampai ada fatwa MUI juga loh. Eyang eyang.... #AMINAjaDulu https://t.co/c7XqOrDBrN",negatif
"Produk-produk yang disebut terafiliasi dengan Israel: 1. Starbucks 2. Kfc 3. Dominos 4. Burger king 5. Pizza hut 6. Mcdonalds 7. Wingstop",netral
"Prabowo dengan bangga bilang Suka Burger King! Padahal Burger King itu masuk daftar boikot netizen karena Burger King mendukung Israel serang Palestina https://t.co/PblMqt674A",netral
"Capek-capek kita memboikot produk yang mendukung Israel Prabowo malah menunjukkan sikap antitesis terhadap gerakan boikot. Jarang mau hadir diskusi sekalinya hadir malah bikin blunder. (Burger King Israel supports IDF by providing free food and drinks to Israeli militants) https://t.co/CryAzwB6RN",negatif
"Apa itu Burger King? Ternyata burger UMKM enak banget bjir mana murah wrwrwrwr Urusan boikot memboikot ini bikin gw banyak explore makanan yang sebelumnya ga gw tau https://t.co/M9aPIVzkl9",positif
"Seberat-beratnya mahasiswa semester akhir masih lebih berat kerjaan buzzernya pak prabowo blunder lagi blunder lagi mayoritas orang Indonesia dukung Palestina dengan Boikot produk Israel eh ini malah bilang suka makan burger king. Kayak pendukung ANIES dong suka bubur ketan https://t.co/kODfLUSMW2",negatif
"Prinsip boikot itu ga asal¬≤an kak. Harus selektif agar efektif &amp; strategis. - Burger King masuk list BDS - Starbucks walaupun ga masuk tapi ttp disarankan diboikot krna mereka pernah bermasalah dgn serikat pekerjanya yg mendukung Palestina - Unilever CEO-nya Alan Jope pernah ~",positif
"Lagi aja kemarin liat wind breaker collab sama burger king Tetep boikot burger king terus",positif
"Prabowo Ngaku Suka Makan Burger King Netizen: Rakyat Capek-Capek Boikot Produk Israel Dia Malah Endorse https://t.co/1xTcEoyNN2",negatif
"Drpada ngandelin anecdotal evidence mending liat aja lapkeu MAPI yg pegang brand2 diboikot ky Sbucks Burger King dll. Thn 2023 sma Q1 2024 penjualan MAPI naik dr tahun sebelumnya jd keliatannya no/minimal impact. Tp hrs diliat jg siapa tau produk non boikot MAPI salesnya naik. https://t.co/0ZLkXgrmz2",negatif
"Katanya mau suport UMKM kok malah lebih suka produk barat. Apalagi suds jelas burger king lagi di boikot karena pro zionis israel apa jangan2 ikutan juga pro zionis israel ya ? Makin berat nih tugasnya TKN dan para buzzer nyebokin nih orang. @kurawa @DedynurPalakka https://t.co/9VVaLKsBno",negatif
"Pgn tetap boikot produk israel tp jujurly gw udh lama ga makan burger king",positif
"Dampak boikot YouTuber Alman Mulyana menyoroti kondisi restoran cepat saji Burger King KFC dan Buffalo Wild Wings yang bangkrut di Arab Saudi https://t.co/aUpvhnHkHr",netral
"same kek temen gw gembor2 soal boikot tapi tetep ngerayain ultah di burger king KEK????????? dengan bagusnya story wa dia ada 3 tau isinya apa?? 2 story pertama tentang Palestine dan isu boikot terus story yg terakhir video dia ngerayain ultah di buger king",negatif
"Kemarin bilang Gaza lemah lanjut bilang suka Burger King padahal jelas-jelas itu masuk salah satu daftar boikot karna dukung Israhell. Udah clear yaa di mana ni capres berpihak?",negatif
"Masih boikot: Sbux Pizza hut Burger King BBW Ngaku dikit kemaren stres banget dan butuh tempat akhirnya ke mekdi... hiks. Tapi yg lain masih koo~~ Pizza nemu Cheese n Dough yg keluaran korea enak juga!",positif
"Menurut gue gerakan boikot ini dilakukan setelah serangan 7 Oktober 2023 dan muncul nama-nama brand yang terang-terangan funding Israel Top priority ada di HP (merk laptop) AXA. Kemudian Disney McD Starbucks Burger King Follow up di https://t.co/FhIywkJmiy",netral
"Prabowo ngaku suka makan Burger King netizen: Rakyat capek capek boikot produk Israel dia malah endorse https://t.co/gzib1OT44t https://t.co/gzib1OT44t",netral
"Krn disini gaada burger king dlu dia suka nganterin burger king ke rumah ketika dia pulang dari jakarta sebab gue suka burger king. Alhamdulillah burger king di boikot anggep aj itu alasan dia gabakal ngntr tu burger pdhl alasan sebenarnya krn .",positif
"Capresnya doyan Burger King Cawapresnya doyan Starbucks berat betul perjuangan Bu Retno di Forum Internasional bela Palestina https://t.co/mLc9337BZT #MenembusBatas #freepalestine #israel_penjajah #boikot Selengkapnya : https://t.co/dnxLo4hEdX https://t.co/hG3mrqYtXf",positif
"Eh burger king tuh masuk list boikot kah? I'm craving their cheesy fries",netral
"Ibu Retno mewakili Indonesia untuk membela kemerdekaan Palestina di forum dunia. Sementara di negerinya sendiri ada capres yang doyan makan burger king dan bilang Gaza lemah. Dan cawapresnya yang doyan sbux produk boikot. Ironis!",negatif
"Peeps burger king di boikot ga",netral
"eh burger king tuh boikot apa ga si?",netral
"Tolong jgn stop boikot mcd sbux burgerking pizzahut kfc (di beberpa outlet masih rame). Enlighten orang2 terdekat untuk bantu menekan jionis",positif
"Liat Wind breaker collab sama Burger king rasanya sedih Pokoknya tetep boikot produk2 pendukung genosida",positif
"guys mau ngingetin!! banyak tempat makan yang perlu kita boikot bikin promo (like mcd burger king phd dll). please jangan terlena!!! keep boycotting ‚ÄºÔ∏è",positif
"so far brand yg udah secara konsisten gw boikot dan semoga selalu konsisten: - nestle - starbucks - pizza hut - kfc - mcd - burger king masih akan terus pelan pelan boikot yg possible buat diboikot",positif
"merugikan dari mana deh?? gw sama abang gw yang pelanggan tetap ikut ngeboikot mekdi/burger king dengan beralih ke umkm indo kek burger bangor traffic bun.. itu ngerugiin??? gw gakngerugiin siapapun dan bentuk boikot yg gw lakuin itu adalah penolakan keras atas tindakan israel",positif
"@AlifahRatu tapi kesel banget si sama yang ga bisa boikot sbux mcd kfc burger king dll yg sejenis. emang kalo lu ga konsumsi itu mati ya",negatif
"Capek2 kampanye boikot produk terafiliasi zionis eeh ada bapak2 random bilang Aku suka Burger King Jd pengen nangis live akutu..",negatif
"Suami ku begitu masuk mall langsung bilang mah berarti gak boleh beli burger? tau banget aku dia suka banget sama burger dari burger king gegara boikot sebelum berangkat udah tak kasih tau. Padahal boleh beli burger asal merk lain.",positif
"capresnya doyan burger king cawapresnya ketauan minum starbuck eee skrg timsesnya promosiin pizza hut padahal awal perang gaza kemarin heboh nyeruin boikot di podcastnya deddy corbuzier. makan apapun minumnya ya ludah sendiri",negatif
"Burger king termasuk di boikot gak ya?",netral
"Jangan lupa boikot burger king‚ÄºÔ∏è",positif
"rekan kantor gue kocak bgt blio nanya kurma yang enak apa gue jawab semua enak asal bukan bikinan üáÆüá± dia kaget karena ternyata ada buru-buru googling biar bisa di boikot. tolonglah sendirinya msh makan mcdonald burger king atau bahkan produk lain yg terhubung ke üáÆüá±",netral
"Kita minim udah boikot produk pro Israel pak. Lha bapak malah suka Burger King.",positif
"coba bayangin lo koar2 trs speak up soal palestine si medsos eh sm paslon yg didukung lo dibilang gaza lemah gwe sih udah cancelled ya mana blg juga suka burger king?!? yg notabene nya salah satu produk boikot ‚ÄçÔ∏è‚ÄçÔ∏è",negatif
"KFC Burger King Pizza Hut terpaksa gw boikot permanen Franchise2 Amerika pada tumbang orang2 seluruh dunia udah aware urusan genocide Palestine citra brand udah kotor berlumuran darah orang2 Palestine yg dibantai",positif
"Rejeki dari Yang Maha Kaya dan Maha Terpuji bukan hanya di Starbucks McD Burger King Pizza Hut atau Domino's. Apa mungkin Yang Maha Mengetahui segitu kudetnya sampai pertanyaannya cuma sebatas Kenapa kamu boikot Starbucks dan membuat banyak orang kehilangan pekerjaan ? ‚ÄçÔ∏è",negatif
"Nak tanya burger king kena boikot kah?",netral
"Aku 2 minggu lalu kepingin maka burger king atau burger kill. Aku pikir itu burger yang punya orang Bandung karena ada nama band metal asal Bandung namanya hampir mirip. Waktu lihat2 produk boikot lah ternyata punya orang luar.",netral
"burger king boikot ga sih?",netral
"Boikot aside ada yang bilang burger mcd atau burger king enak tuh keknya belum pernah nyobain yang lain. Please coba burger bangor sana.",positif
"Beberapa kali lihat video ada yg menunjukkan kalau McD ramai lagi Burger King ramai lagi. Bagaimana tidak kalau cara boikotnya tidak fokus? Malah sibuk boikot sana-sini yg bukan target utama bahkan bukan target sama sekali. Giliran tidak berhasil menyalahkan orang lain.",negatif
"Burger king boikot ke eh ? Tapi dah order ni",netral
"lu pada jgn norak norak bgt apa masa mekdi ama burger king doang gabisa lu boikot dah wkwkwkwk ayam ayam lain banyak yg lebih enak?? and litereli burger bangor exist?????????",positif