Mon Jun 03 14:24:34 +0000 2024,_SimpleThink_,McD di Paris Prancis di geruduk para demonstran pro palestina Ini negara non muslim ya Genk Dan bukan negara arab Indonesia apa kabar boikot nya ??? https://t.co/IKlnQa0Say,McD di Paris Prancis di geruduk para demonstran pro palestina Ini negara non muslim ya Genk Dan bukan negara arab Indonesia apa kabar boikot nya,mcd di paris prancis di geruduk para demonstran pro palestina ini negara non muslim ya genk dan bukan negara arab indonesia apa kabar boikot nya,"['mcd', 'di', 'paris', 'prancis', 'di', 'geruduk', 'para', 'demonstran', 'pro', 'palestina', 'ini', 'negara', 'non', 'muslim', 'ya', 'genk', 'dan', 'bukan', 'negara', 'arab', 'indonesia', 'apa', 'kabar', 'boikot', 'nya']","['mcd', 'paris', 'prancis', 'geruduk', 'demonstran', 'pro', 'palestina', 'negara', 'non', 'muslim', 'genk', 'bukan', 'negara', 'arab', 'indonesia', 'kabar', 'boikot']",mcd paris prancis geruduk demonstran pro palestina negara non muslim genk bukan negara arab indonesia kabar boikot,Netral
Mon Jun 03 07:54:03 +0000 2024,erlanishere, Boleh gak kita demo Palestina ke setarbak mcd dst? Bakal ganggu orang gak sih? Boleh dengan catatan: 1. Cukup di luar sebaiknya tidak masuk ke dalam. 2. Orasi di luar dan bagikan flyer orang yang keluar-masuk ke sana. Ajak gabung boikot. 3. Bawa foto-foto kejahatan Israel.,Boleh gak kita demo Palestina ke setarbak mcd dst Bakal ganggu orang gak sih Boleh dengan catatan Cukup di luar sebaiknya tidak masuk ke dalam Orasi di luar dan bagikan flyer orang yang keluar masuk ke sana Ajak gabung boikot Bawa foto foto kejahatan Israel,boleh gak kita demo palestina ke setarbak mcd dst bakal ganggu orang gak sih boleh dengan catatan cukup di luar sebaiknya tidak masuk ke dalam orasi di luar dan bagikan flyer orang yang keluar masuk ke sana ajak gabung boikot bawa foto foto kejahatan israel,"['boleh', 'gak', 'kita', 'demo', 'palestina', 'ke', 'setarbak', 'mcd', 'dst', 'bakal', 'ganggu', 'orang', 'gak', 'sih', 'boleh', 'dengan', 'catatan', 'cukup', 'di', 'luar', 'sebaiknya', 'tidak', 'masuk', 'ke', 'dalam', 'orasi', 'di', 'luar', 'dan', 'bagikan', 'flyer', 'orang', 'yang', 'keluar', 'masuk', 'ke', 'sana', 'ajak', 'gabung', 'boikot', 'bawa', 'foto', 'foto', 'kejahatan', 'israel']","['demo', 'palestina', 'setarbak', 'mcd', 'bakal', 'ganggu', 'orang', 'gak', 'sih', 'dengan', 'catatan', 'cukup', 'luar', 'sebaiknya', 'masuk', 'dalam', 'orasi', 'luar', 'bagikan', 'flyer', 'orang', 'keluar', 'masuk', 'sana', 'ajak', 'gabung', 'boikot', 'bawa', 'foto', 'foto', 'kejahatan', 'israel']",demo palestina setarbak mcd bakal ganggu orang gak sih dengan catat cukup luar baik masuk dalam orasi luar bagi flyer orang keluar masuk sana ajak gabung boikot bawa foto foto jahat israel,Positif
Mon Jun 03 22:41:45 +0000 2024,yamatotwen,ada orang ngomong boikot apa ngga itu urusan masing2 ok setuju. tapi lu yg ngomong yg masih makan mcd sbux anjir? the statement isnt valid anymore its just like ure looking for support/validation for ur behavior.,ada orang ngomong boikot apa ngga itu urusan masing ok setuju tapi lu yg ngomong yg masih makan mcd sbux anjir the statement isnt valid anymore its just like ure looking for support validation for ur behavior,ada orang ngomong boikot apa ngga itu urusan masing ok setuju tapi lu yg ngomong yg masih makan mcd sbux anjir the statement isnt valid anymore its just like ure looking for support validation for ur behavior,"['ada', 'orang', 'ngomong', 'boikot', 'apa', 'ngga', 'itu', 'urusan', 'masing', 'ok', 'setuju', 'tapi', 'lu', 'yg', 'ngomong', 'yg', 'masih', 'makan', 'mcd', 'sbux', 'anjir', 'the', 'statement', 'isnt', 'valid', 'anymore', 'its', 'just', 'like', 'ure', 'looking', 'for', 'support', 'validation', 'for', 'ur', 'behavior']","['orang', 'ngomong', 'boikot', 'ngga', 'urusan', 'masing', 'setuju', 'lu', 'ngomong', 'masih', 'makan', 'mcd', 'sbux', 'anjir', 'the', 'statement', 'isnt', 'valid', 'anymore', 'its', 'just', 'like', 'ure', 'looking', 'for', 'support', 'validation', 'for', 'ur', 'behavior']",orang ngomong boikot ngga urus masing tuju lu ngomong masih makan mcd sbux anjir the statement isnt valid anymore its just like ure looking for support validation for ur behavior,Netral
Mon Jun 03 16:45:23 +0000 2024,TapiGakKerja,@Mythicalforest Yg biasa beli oizzahut mcd dkk adl anak-anak. Anakku dikasih tahu kita sedang boikot mereka karena melakukan kejatahatan mereka lsg paham. Yg dewasa kok lebih sulit pahamnya.,Yg biasa beli oizzahut mcd dkk adl anak anak Anakku dikasih tahu kita sedang boikot mereka karena melakukan kejatahatan mereka lsg paham Yg dewasa kok lebih sulit pahamnya,yg biasa beli oizzahut mcd dkk adl anak anak anakku dikasih tahu kita sedang boikot mereka karena melakukan kejatahatan mereka lsg paham yg dewasa kok lebih sulit pahamnya,"['yg', 'biasa', 'beli', 'oizzahut', 'mcd', 'dkk', 'adl', 'anak', 'anak', 'anakku', 'dikasih', 'tahu', 'kita', 'sedang', 'boikot', 'mereka', 'karena', 'melakukan', 'kejatahatan', 'mereka', 'lsg', 'paham', 'yg', 'dewasa', 'kok', 'lebih', 'sulit', 'pahamnya']","['biasa', 'beli', 'oizzahut', 'mcd', 'dkk', 'adl', 'anak', 'anak', 'anakku', 'dikasih', 'tahu', 'sedang', 'boikot', 'karena', 'melakukan', 'kejatahatan', 'lsg', 'paham', 'dewasa', 'lebih', 'sulit', 'pahamnya']",biasa beli oizzahut mcd dkk adl anak anak anak kasih tahu sedang boikot karena laku kejatahatan lsg paham dewasa lebih sulit paham,Negatif
Mon Jun 03 00:20:42 +0000 2024,booboodafoe,hmm sebagai seorang yang dukung boikot tp jg punya kakak yang kerja di mcd gua bisa bilang bukan kyk gini caranya. kalau mau bolikot dengan ga beli produknya dan spread awareness ke orang sekitar lu aja udah sangat cukup,hmm sebagai seorang yang dukung boikot tp jg punya kakak yang kerja di mcd gua bisa bilang bukan kyk gini caranya kalau mau bolikot dengan ga beli produknya dan spread awareness ke orang sekitar lu aja udah sangat cukup,hmm sebagai seorang yang dukung boikot tp jg punya kakak yang kerja di mcd gua bisa bilang bukan kyk gini caranya kalau mau bolikot dengan ga beli produknya dan spread awareness ke orang sekitar lu aja udah sangat cukup,"['hmm', 'sebagai', 'seorang', 'yang', 'dukung', 'boikot', 'tp', 'jg', 'punya', 'kakak', 'yang', 'kerja', 'di', 'mcd', 'gua', 'bisa', 'bilang', 'bukan', 'kyk', 'gini', 'caranya', 'kalau', 'mau', 'bolikot', 'dengan', 'ga', 'beli', 'produknya', 'dan', 'spread', 'awareness', 'ke', 'orang', 'sekitar', 'lu', 'aja', 'udah', 'sangat', 'cukup']","['hmm', 'seorang', 'dukung', 'boikot', 'jg', 'punya', 'kakak', 'kerja', 'mcd', 'gua', 'bilang', 'bukan', 'kyk', 'gini', 'caranya', 'kalau', 'bolikot', 'ga', 'beli', 'produknya', 'spread', 'awareness', 'orang', 'lu', 'udah', 'sangat', 'cukup']",hmm orang dukung boikot jg punya kakak kerja mcd gua bilang bukan kyk gin cara kalau bolikot ga beli produk spread awareness orang lu udah sangat cukup,Netral
Mon Jun 03 16:34:23 +0000 2024,RomyAldira,@tanyakanrl Kalo mau boikot. Ngga usah tebang pilih. Starbucks kfc mcd coca cola google apple semua.. Tapi selalu ada alasan kan ngga mau boikot karena kepentingan pribadi? Munafik sih..,Kalo mau boikot Ngga usah tebang pilih Starbucks kfc mcd coca cola google apple semua Tapi selalu ada alasan kan ngga mau boikot karena kepentingan pribadi Munafik sih,kalo mau boikot ngga usah tebang pilih starbucks kfc mcd coca cola google apple semua tapi selalu ada alasan kan ngga mau boikot karena kepentingan pribadi munafik sih,"['kalo', 'mau', 'boikot', 'ngga', 'usah', 'tebang', 'pilih', 'starbucks', 'kfc', 'mcd', 'coca', 'cola', 'google', 'apple', 'semua', 'tapi', 'selalu', 'ada', 'alasan', 'kan', 'ngga', 'mau', 'boikot', 'karena', 'kepentingan', 'pribadi', 'munafik', 'sih']","['boikot', 'ngga', 'usah', 'tebang', 'pilih', 'starbucks', 'kfc', 'mcd', 'coca', 'cola', 'google', 'apple', 'semua', 'selalu', 'alasan', 'ngga', 'mau', 'boikot', 'kepentingan', 'pribadi', 'munafik']",boikot ngga usah tebang pilih starbucks kfc mcd coca cola google apple semua selalu alas ngga mau boikot penting pribadi munafik,Positif
Mon Jun 03 13:29:17 +0000 2024,kyutierara,inside out 2 bakal tayang : ingat lagi boikot disney : inside out 2 kolaborasi bikin mainan : IHHH MAUUUU ternyata kolaborasi sama mcd : semangattt boikot guyss tahan dulu aja keinginannya buat nonton atau beli mainannya #FREEPALESTƒ∞NA,inside out bakal tayang ingat lagi boikot disney inside out kolaborasi bikin mainan IHHH MAUUUU ternyata kolaborasi sama mcd semangattt boikot guyss tahan dulu aja keinginannya buat nonton atau beli mainannya FREEPALEST NA,inside out bakal tayang ingat lagi boikot disney inside out kolaborasi bikin mainan ihhh mauuuu ternyata kolaborasi sama mcd semangattt boikot guyss tahan dulu aja keinginannya buat nonton atau beli mainannya freepalest na,"['inside', 'out', 'bakal', 'tayang', 'ingat', 'lagi', 'boikot', 'disney', 'inside', 'out', 'kolaborasi', 'bikin', 'mainan', 'ihhh', 'mauuuu', 'ternyata', 'kolaborasi', 'sama', 'mcd', 'semangattt', 'boikot', 'guyss', 'tahan', 'dulu', 'aja', 'keinginannya', 'buat', 'nonton', 'atau', 'beli', 'mainannya', 'freepalest', 'na']","['inside', 'out', 'bakal', 'tayang', 'ingat', 'boikot', 'disney', 'inside', 'out', 'kolaborasi', 'mainan', 'ihhh', 'mauuuu', 'ternyata', 'kolaborasi', 'mcd', 'semangattt', 'boikot', 'guyss', 'tahan', 'dulu', 'keinginannya', 'buat', 'nonton', 'beli', 'mainannya', 'freepalest', 'na']",inside out bakal tayang ingat boikot disney inside out kolaborasi main ihhh mauuuu nyata kolaborasi mcd semangattt boikot guyss tahan dulu ingin buat nonton beli main freepalest na,Positif
Mon Jun 03 03:34:35 +0000 2024,siap3periode,@Mooncalfdung Sulit si boikot2 ini. Kita teguh boikot mcd kfc dkk yg net worth nya ga besar tapi donatur utama &amp; besarnya ga bs kita boikot. Google bhkn pny project nimbus buat bantu tentara israhell. Jd selama google meta apple dll g bs kita boikot israhell bakal trs dpt sokongan dana https://t.co/gTA8xZNCid,Sulit si boikot ini Kita teguh boikot mcd kfc dkk yg net worth nya ga besar tapi donatur utama amp besarnya ga bs kita boikot Google bhkn pny project nimbus buat bantu tentara israhell Jd selama google meta apple dll bs kita boikot israhell bakal trs dpt sokongan dana,sulit si boikot ini kita teguh boikot mcd kfc dkk yg net worth nya ga besar tapi donatur utama amp besarnya ga bs kita boikot google bhkn pny project nimbus buat bantu tentara israhell jd selama google meta apple dll bs kita boikot israhell bakal trs dpt sokongan dana,"['sulit', 'si', 'boikot', 'ini', 'kita', 'teguh', 'boikot', 'mcd', 'kfc', 'dkk', 'yg', 'net', 'worth', 'nya', 'ga', 'besar', 'tapi', 'donatur', 'utama', 'amp', 'besarnya', 'ga', 'bs', 'kita', 'boikot', 'google', 'bhkn', 'pny', 'project', 'nimbus', 'buat', 'bantu', 'tentara', 'israhell', 'jd', 'selama', 'google', 'meta', 'apple', 'dll', 'bs', 'kita', 'boikot', 'israhell', 'bakal', 'trs', 'dpt', 'sokongan', 'dana']","['sulit', 'boikot', 'teguh', 'boikot', 'mcd', 'kfc', 'dkk', 'net', 'worth', 'besar', 'donatur', 'utama', 'besarnya', 'ga', 'bs', 'boikot', 'google', 'bhkn', 'pny', 'project', 'nimbus', 'buat', 'bantu', 'tentara', 'israhell', 'selama', 'google', 'meta', 'apple', 'bs', 'kita', 'boikot', 'israhell', 'bakal', 'trs', 'dpt', 'sokongan', 'dana']",sulit boikot teguh boikot mcd kfc dkk net worth besar donatur utama besar ga bs boikot google bhkn pny project nimbus buat bantu tentara israhell lama google meta apple bs kita boikot israhell bakal trs dpt sokong dana,Positif
Mon Jun 03 08:21:02 +0000 2024,payaberryal,dampak boikot ke karyawan mcd itu dampak langsung jangka pendek. coba liat dampak ke ekonomi scr general boikot bikin org banyak yg beralih ke produk lokal makin kuat lah ekonomi kita. masa org2 kita cuma kebagian jadi karwayan mulu dukunglah umkm2 yg selama ini kalah saing.,dampak boikot ke karyawan mcd itu dampak langsung jangka pendek coba liat dampak ke ekonomi scr general boikot bikin org banyak yg beralih ke produk lokal makin kuat lah ekonomi kita masa org kita cuma kebagian jadi karwayan mulu dukunglah umkm yg selama ini kalah saing,dampak boikot ke karyawan mcd itu dampak langsung jangka pendek coba liat dampak ke ekonomi scr general boikot bikin org banyak yg beralih ke produk lokal makin kuat lah ekonomi kita masa org kita cuma kebagian jadi karwayan mulu dukunglah umkm yg selama ini kalah saing,"['dampak', 'boikot', 'ke', 'karyawan', 'mcd', 'itu', 'dampak', 'langsung', 'jangka', 'pendek', 'coba', 'liat', 'dampak', 'ke', 'ekonomi', 'scr', 'general', 'boikot', 'bikin', 'org', 'banyak', 'yg', 'beralih', 'ke', 'produk', 'lokal', 'makin', 'kuat', 'lah', 'ekonomi', 'kita', 'masa', 'org', 'kita', 'cuma', 'kebagian', 'jadi', 'karwayan', 'mulu', 'dukunglah', 'umkm', 'yg', 'selama', 'ini', 'kalah', 'saing']","['dampak', 'boikot', 'karyawan', 'mcd', 'dampak', 'langsung', 'jangka', 'pendek', 'coba', 'liat', 'dampak', 'ekonomi', 'scr', 'general', 'boikot', 'banyak', 'beralih', 'produk', 'lokal', 'makin', 'kuat', 'ekonomi', 'masa', 'org', 'kita', 'cuma', 'kebagian', 'karwayan', 'mulu', 'dukunglah', 'umkm', 'selama', 'kalah', 'saing']",dampak boikot karyawan mcd dampak langsung jangka pendek coba liat dampak ekonomi scr general boikot banyak alih produk lokal makin kuat ekonomi masa org kita cuma bagi karwayan mulu dukung umkm lama kalah saing,Positif
Mon Jun 03 05:41:03 +0000 2024,httpsstar_,Ô∏è kasian pegawainya Ô∏è jgn maksa org ikut boikot juga dong kita semua punya hak Alah bilang aja lu pgn dibilang si paling edgy paling pemikiran beda. Asu. Ga makan mcd ga minum sbux jg ga bkin mati. Mikir. #keepboycotting #AlleyesonRafah,kasian pegawainya jgn maksa org ikut boikot juga dong kita semua punya hak Alah bilang aja lu pgn dibilang si paling edgy paling pemikiran beda Asu Ga makan mcd ga minum sbux jg ga bkin mati Mikir keepboycotting AlleyesonRafah,kasian pegawainya jgn maksa org ikut boikot juga dong kita semua punya hak alah bilang aja lu pgn dibilang si paling edgy paling pemikiran beda asu ga makan mcd ga minum sbux jg ga bkin mati mikir keepboycotting alleyesonrafah,"['kasian', 'pegawainya', 'jgn', 'maksa', 'org', 'ikut', 'boikot', 'juga', 'dong', 'kita', 'semua', 'punya', 'hak', 'alah', 'bilang', 'aja', 'lu', 'pgn', 'dibilang', 'si', 'paling', 'edgy', 'paling', 'pemikiran', 'beda', 'asu', 'ga', 'makan', 'mcd', 'ga', 'minum', 'sbux', 'jg', 'ga', 'bkin', 'mati', 'mikir', 'keepboycotting', 'alleyesonrafah']","['kasian', 'pegawainya', 'maksa', 'ikut', 'boikot', 'dong', 'semua', 'punya', 'hak', 'alah', 'aja', 'pgn', 'dibilang', 'paling', 'edgy', 'paling', 'pemikiran', 'asu', 'makan', 'mcd', 'minum', 'sbux', 'ga', 'bkin', 'mati', 'mikir', 'keepboycotting', 'alleyesonrafah']",kasi pegawai maksa ikut boikot dong semua punya hak alah aja pgn bilang paling edgy paling pikir asu makan mcd minum sbux ga bkin mati mikir keepboycotting alleyesonrafah,Positif
Mon Jun 03 23:00:58 +0000 2024,06_buffs,Dah alang2 tak boikot dah tu korang makan jela mcd tu.,Dah alang tak boikot dah tu korang makan jela mcd tu,dah alang tak boikot dah tu korang makan jela mcd tu,"['dah', 'alang', 'tak', 'boikot', 'dah', 'tu', 'korang', 'makan', 'jela', 'mcd', 'tu']","['alang', 'boikot', 'tu', 'korang', 'makan', 'jela', 'mcd', 'tu']",alang boikot tu korang makan jela mcd tu,Netral
Mon Jun 03 13:09:06 +0000 2024,marinettebgnoir,so far brand yg udah secara konsisten gw boikot dan semoga selalu konsisten: - nestle - starbucks - pizza hut - kfc - mcd - burger king masih akan terus pelan pelan boikot yg possible buat diboikot,so far brand yg udah secara konsisten gw boikot dan semoga selalu konsisten nestle starbucks pizza hut kfc mcd burger king masih akan terus pelan pelan boikot yg possible buat diboikot,so far brand yg udah secara konsisten gw boikot dan semoga selalu konsisten nestle starbucks pizza hut kfc mcd burger king masih akan terus pelan pelan boikot yg possible buat diboikot,"['so', 'far', 'brand', 'yg', 'udah', 'secara', 'konsisten', 'gw', 'boikot', 'dan', 'semoga', 'selalu', 'konsisten', 'nestle', 'starbucks', 'pizza', 'hut', 'kfc', 'mcd', 'burger', 'king', 'masih', 'akan', 'terus', 'pelan', 'pelan', 'boikot', 'yg', 'possible', 'buat', 'diboikot']","['far', 'brand', 'udah', 'konsisten', 'boikot', 'semoga', 'selalu', 'konsisten', 'nestle', 'starbucks', 'pizza', 'hut', 'kfc', 'mcd', 'burger', 'king', 'akan', 'terus', 'pelan', 'pelan', 'boikot', 'possible', 'buat', 'diboikot']",far brand udah konsisten boikot moga selalu konsisten nestle starbucks pizza hut kfc mcd burger king akan terus pelan pelan boikot possible buat boikot,Positif
Mon Jun 03 01:04:22 +0000 2024,hiraethskiesss,terserah org mau boikot mcd sbucks apa gak tp heran aja banyak burger ayam kopi lokal yg lbh murah &amp; enak tp lu memilih ttp beli mcd &amp; sbucks‚ÄçÔ∏è,terserah org mau boikot mcd sbucks apa gak tp heran aja banyak burger ayam kopi lokal yg lbh murah amp enak tp lu memilih ttp beli mcd amp sbucks,terserah org mau boikot mcd sbucks apa gak tp heran aja banyak burger ayam kopi lokal yg lbh murah amp enak tp lu memilih ttp beli mcd amp sbucks,"['terserah', 'org', 'mau', 'boikot', 'mcd', 'sbucks', 'apa', 'gak', 'tp', 'heran', 'aja', 'banyak', 'burger', 'ayam', 'kopi', 'lokal', 'yg', 'lbh', 'murah', 'amp', 'enak', 'tp', 'lu', 'memilih', 'ttp', 'beli', 'mcd', 'amp', 'sbucks']","['terserah', 'mau', 'boikot', 'mcd', 'sbucks', 'gak', 'heran', 'banyak', 'burger', 'ayam', 'kopi', 'lokal', 'lbh', 'murah', 'enak', 'lu', 'memilih', 'beli', 'mcd', 'sbucks']",serah mau boikot mcd sbucks gak heran banyak burger ayam kopi lokal lbh murah enak lu pilih beli mcd sbucks,Positif
Mon Jun 03 14:14:30 +0000 2024,nats_0620,Mungkin setelah ini pun banyak yang bodo amat jg setidaknya mereka usaha dgn perbuatan yang nyata terlihat. Belum tau ramenya boikot McD yg kerjasama dg NCT sampai member speak up dan truk dikasih gambar Mcd sbux d*rah anak¬≤ üáµüá∏ itu pun ada usaha fans Indo dan Korsel,Mungkin setelah ini pun banyak yang bodo amat jg setidaknya mereka usaha dgn perbuatan yang nyata terlihat Belum tau ramenya boikot McD yg kerjasama dg NCT sampai member speak up dan truk dikasih gambar Mcd sbux rah anak itu pun ada usaha fans Indo dan Korsel,mungkin setelah ini pun banyak yang bodo amat jg setidaknya mereka usaha dgn perbuatan yang nyata terlihat belum tau ramenya boikot mcd yg kerjasama dg nct sampai member speak up dan truk dikasih gambar mcd sbux rah anak itu pun ada usaha fans indo dan korsel,"['mungkin', 'setelah', 'ini', 'pun', 'banyak', 'yang', 'bodo', 'amat', 'jg', 'setidaknya', 'mereka', 'usaha', 'dgn', 'perbuatan', 'yang', 'nyata', 'terlihat', 'belum', 'tau', 'ramenya', 'boikot', 'mcd', 'yg', 'kerjasama', 'dg', 'nct', 'sampai', 'member', 'speak', 'up', 'dan', 'truk', 'dikasih', 'gambar', 'mcd', 'sbux', 'rah', 'anak', 'itu', 'pun', 'ada', 'usaha', 'fans', 'indo', 'dan', 'korsel']","['mungkin', 'ini', 'banyak', 'bodo', 'jg', 'mereka', 'usaha', 'perbuatan', 'nyata', 'terlihat', 'tau', 'ramenya', 'boikot', 'mcd', 'kerjasama', 'nct', 'member', 'speak', 'up', 'truk', 'dikasih', 'gambar', 'mcd', 'sbux', 'rah', 'anak', 'pun', 'usaha', 'fans', 'indo', 'korsel']",mungkin ini banyak bodo jg mereka usaha buat nyata lihat tau ramenya boikot mcd kerjasama nct member speak up truk kasih gambar mcd sbux rah anak pun usaha fans indo korsel,Positif
Mon Jun 03 11:46:19 +0000 2024,servantofgreed, kasian karyawannya jadi korban boikot dan kena phk ya mcd indo kan gak terafiliasi sama yang di israhell Yang bikin statement kayak gini berusaha jadi white knight tapi ternyata pikirannya dangkal~,kasian karyawannya jadi korban boikot dan kena phk ya mcd indo kan gak terafiliasi sama yang di israhell Yang bikin statement kayak gini berusaha jadi white knight tapi ternyata pikirannya dangkal,kasian karyawannya jadi korban boikot dan kena phk ya mcd indo kan gak terafiliasi sama yang di israhell yang bikin statement kayak gini berusaha jadi white knight tapi ternyata pikirannya dangkal,"['kasian', 'karyawannya', 'jadi', 'korban', 'boikot', 'dan', 'kena', 'phk', 'ya', 'mcd', 'indo', 'kan', 'gak', 'terafiliasi', 'sama', 'yang', 'di', 'israhell', 'yang', 'bikin', 'statement', 'kayak', 'gini', 'berusaha', 'jadi', 'white', 'knight', 'tapi', 'ternyata', 'pikirannya', 'dangkal']","['kasian', 'karyawannya', 'korban', 'boikot', 'kena', 'phk', 'mcd', 'indo', 'gak', 'terafiliasi', 'israhell', 'yang', 'bikin', 'statement', 'kayak', 'gini', 'berusaha', 'white', 'knight', 'ternyata', 'pikirannya', 'dangkal']",kasi karyawannya korban boikot kena phk mcd indo gak afiliasi israhell yang bikin statement kayak gin usaha white knight nyata pikir dangkal,Negatif
Mon Jun 03 11:36:57 +0000 2024,Alfinfadhil26,Boikot makin direct ke store lagian mau itu itu starbucks n McD Indonesia bangkrut juga dana Israel tetap akan ada selama masih ada negara yg namanya Amerika atw,Boikot makin direct ke store lagian mau itu itu starbucks McD Indonesia bangkrut juga dana Israel tetap akan ada selama masih ada negara yg namanya Amerika atw,boikot makin direct ke store lagian mau itu itu starbucks mcd indonesia bangkrut juga dana israel tetap akan ada selama masih ada negara yg namanya amerika atw,"['boikot', 'makin', 'direct', 'ke', 'store', 'lagian', 'mau', 'itu', 'itu', 'starbucks', 'mcd', 'indonesia', 'bangkrut', 'juga', 'dana', 'israel', 'tetap', 'akan', 'ada', 'selama', 'masih', 'ada', 'negara', 'yg', 'namanya', 'amerika', 'atw']","['boikot', 'makin', 'direct', 'store', 'lagian', 'itu', 'starbucks', 'mcd', 'indonesia', 'bangkrut', 'dana', 'israel', 'tetap', 'ada', 'selama', 'ada', 'negara', 'namanya', 'amerika', 'atw']",boikot makin direct store lagi itu starbucks mcd indonesia bangkrut dana israel tetap ada lama ada negara nama amerika atw,Positif
Mon Jun 03 04:10:19 +0000 2024,LibraJait,@Mooncalfdung Yg jelas di MCD yg kerja org Indonesia kalo kalian boikot tolong sekalian dengan nampung karyawannya. Gitu aja dulu deh,Yg jelas di MCD yg kerja org Indonesia kalo kalian boikot tolong sekalian dengan nampung karyawannya Gitu aja dulu deh,yg jelas di mcd yg kerja org indonesia kalo kalian boikot tolong sekalian dengan nampung karyawannya gitu aja dulu deh,"['yg', 'jelas', 'di', 'mcd', 'yg', 'kerja', 'org', 'indonesia', 'kalo', 'kalian', 'boikot', 'tolong', 'sekalian', 'dengan', 'nampung', 'karyawannya', 'gitu', 'aja', 'dulu', 'deh']","['jelas', 'mcd', 'kerja', 'indonesia', 'kalian', 'boikot', 'sekalian', 'nampung', 'karyawannya', 'aja', 'dulu', 'deh']",jelas mcd kerja indonesia kalian boikot sekali nampung karyawannya aja dulu deh,Netral
Mon Jun 03 02:59:13 +0000 2024,dheadara97,kalau bapakku kontra nya krna yg kita boikot Unilever dan yg ada di indo yg sekitanya kita pake produk itu sehari2 kalau yg McD Starbucks dll nya itu baru blio bilang nah ituuu yg wajib diboikot kalau Unilever Indo iya blio mikirin pekerjanya,kalau bapakku kontra nya krna yg kita boikot Unilever dan yg ada di indo yg sekitanya kita pake produk itu sehari kalau yg McD Starbucks dll nya itu baru blio bilang nah ituuu yg wajib diboikot kalau Unilever Indo iya blio mikirin pekerjanya,kalau bapakku kontra nya krna yg kita boikot unilever dan yg ada di indo yg sekitanya kita pake produk itu sehari kalau yg mcd starbucks dll nya itu baru blio bilang nah ituuu yg wajib diboikot kalau unilever indo iya blio mikirin pekerjanya,"['kalau', 'bapakku', 'kontra', 'nya', 'krna', 'yg', 'kita', 'boikot', 'unilever', 'dan', 'yg', 'ada', 'di', 'indo', 'yg', 'sekitanya', 'kita', 'pake', 'produk', 'itu', 'sehari', 'kalau', 'yg', 'mcd', 'starbucks', 'dll', 'nya', 'itu', 'baru', 'blio', 'bilang', 'nah', 'ituuu', 'yg', 'wajib', 'diboikot', 'kalau', 'unilever', 'indo', 'iya', 'blio', 'mikirin', 'pekerjanya']","['kalau', 'bapakku', 'kontra', 'krna', 'boikot', 'unilever', 'di', 'indo', 'sekitanya', 'kita', 'pake', 'produk', 'sehari', 'kalau', 'mcd', 'starbucks', 'nya', 'baru', 'blio', 'nah', 'ituuu', 'yg', 'wajib', 'diboikot', 'kalau', 'unilever', 'indo', 'iya', 'blio', 'mikirin', 'pekerjanya']",kalau bapak kontra krna boikot unilever di indo kita kita pake produk hari kalau mcd starbucks nya baru blio nah ituuu yg wajib boikot kalau unilever indo iya blio mikirin kerja,Netral
Mon Jun 03 14:54:11 +0000 2024,DirhamVivih,@SammiSoh Di negara luar ada yg boikot mcd pake cara coret coret/pilox plang mcd pada bilang bagus jangan cuma boikot aja trus ko gadikomen ? Giliran negara sendiri bgtu dikomen,Di negara luar ada yg boikot mcd pake cara coret coret pilox plang mcd pada bilang bagus jangan cuma boikot aja trus ko gadikomen Giliran negara sendiri bgtu dikomen,di negara luar ada yg boikot mcd pake cara coret coret pilox plang mcd pada bilang bagus jangan cuma boikot aja trus ko gadikomen giliran negara sendiri bgtu dikomen,"['di', 'negara', 'luar', 'ada', 'yg', 'boikot', 'mcd', 'pake', 'cara', 'coret', 'coret', 'pilox', 'plang', 'mcd', 'pada', 'bilang', 'bagus', 'jangan', 'cuma', 'boikot', 'aja', 'trus', 'ko', 'gadikomen', 'giliran', 'negara', 'sendiri', 'bgtu', 'dikomen']","['negara', 'luar', 'yg', 'boikot', 'mcd', 'pake', 'cara', 'coret', 'coret', 'pilox', 'plang', 'mcd', 'bilang', 'bagus', 'jangan', 'cuma', 'boikot', 'trus', 'ko', 'gadikomen', 'giliran', 'negara', 'sendiri', 'bgtu', 'dikomen']",negara luar yg boikot mcd pake cara coret coret pilox plang mcd bilang bagus jangan cuma boikot trus ko gadikomen gilir negara sendiri bgtu dikomen,Positif
Mon Jun 03 07:08:36 +0000 2024,Muklisabdulla12,@convomf Jadi begini boikot MCD pasti imbasnya kemana-mana bahkan sampai peternak ayam loh. Ekosistem penunjang MCD itu banyak dan semua didalam negeri. Hanya brand-nya saja yang dari luar. Dan mungkin cuma 10% uang yang keluar (sebagai royalty) sisanya berputar didalam negeri.,Jadi begini boikot MCD pasti imbasnya kemana mana bahkan sampai peternak ayam loh Ekosistem penunjang MCD itu banyak dan semua didalam negeri Hanya brand nya saja yang dari luar Dan mungkin cuma uang yang keluar sebagai royalty sisanya berputar didalam negeri,jadi begini boikot mcd pasti imbasnya kemana mana bahkan sampai peternak ayam loh ekosistem penunjang mcd itu banyak dan semua didalam negeri hanya brand nya saja yang dari luar dan mungkin cuma uang yang keluar sebagai royalty sisanya berputar didalam negeri,"['jadi', 'begini', 'boikot', 'mcd', 'pasti', 'imbasnya', 'kemana', 'mana', 'bahkan', 'sampai', 'peternak', 'ayam', 'loh', 'ekosistem', 'penunjang', 'mcd', 'itu', 'banyak', 'dan', 'semua', 'didalam', 'negeri', 'hanya', 'brand', 'nya', 'saja', 'yang', 'dari', 'luar', 'dan', 'mungkin', 'cuma', 'uang', 'yang', 'keluar', 'sebagai', 'royalty', 'sisanya', 'berputar', 'didalam', 'negeri']","['begini', 'boikot', 'mcd', 'imbasnya', 'mana', 'bahkan', 'peternak', 'ayam', 'ekosistem', 'penunjang', 'mcd', 'banyak', 'semua', 'didalam', 'negeri', 'brand', 'saja', 'dari', 'luar', 'mungkin', 'cuma', 'uang', 'keluar', 'royalty', 'sisanya', 'berputar', 'didalam', 'negeri']",begini boikot mcd imbas mana bahkan ternak ayam ekosistem tunjang mcd banyak semua dalam negeri brand saja dari luar mungkin cuma uang keluar royalty sisa putar dalam negeri,Positif
