Tue Jul 09 15:10:20 +0000 2024,LiliNurAulia,Teruslah Boikot produk pro israhell. Jangan menjadi bagian para pembantai Gaza! https://t.co/BNYN4mPwcr,terus boikot produk pro israhell jangan jadi bagi bantai gaza
Tue Jul 09 14:56:31 +0000 2024,SiawFung88,Lebih baik kampanye boikot beli properti PIK2. Sepeeti kampanye BSD MELAWAN Israel. Boikot semua perusahaan yg buka usaha di PIK2. Boikot warga dgn KTP dgn alamat PIK2. Boikot produk dan jasa yg berasal dr wilayah PIK2,lebih baik kampanye boikot beli properti pik sepeeti kampanye bsd lawan israel boikot semua usaha yg buka usaha pik boikot warga dgn ktp dgn alamat pik boikot produk jasa yg asal dr wilayah pik
Tue Jul 09 04:53:14 +0000 2024,syelele_,Liat kolom komentar ternyata masih banyak yg muja agensi wkwk Segala disebut greenflag setelah skandal yg ada :v Disaat banyak fans yg masih konsisten &amp; reminder buat boikot produk mereka karena petingginya ada yg zionist tp liat komen agak miris sii https://t.co/GNH8smIpNz,liat kolom komentar nyata banyak yg muja agens wkwk segala sebut greenflag skandal yg saat banyak fans yg konsisten amp reminder buat boikot produk karena petinggi yg zionist tp liat komen miris sii
Tue Jul 09 03:56:57 +0000 2024,pengabdiguIing,@kucinggendut__ @KBSWorldTV Gimana sih labilnya Korea baru kemarin sama palestina rapat besar dan kerjasama sekarang sama Israel. Emang presidennya butuh diganti sekalian sama pemerintahnya. Indonesia juga nih artis2nya masih banyak yg dukung padahal jadi model dan BA produk boikot gak aware padahal Ina,gimana sih labil korea baru kemarin sama palestina rapat besar kerjasama sekarang sama israel emang presiden butuh ganti sekali sama perintah indonesia nih artis banyak yg dukung padahal jadi model ba produk boikot gak aware padahal ina
Tue Jul 09 06:37:24 +0000 2024,aliffshanusi,@mobijoe74 Sebab di thailand berlaku open market negara pengeluar makanan sendiri rakyat utamakan produk tempatan campur tangan kerajaan rakyat boikot barang mahal kos labor murah sistem masa yang berbeza.,di thailand laku open market negara keluar makan sendiri rakyat utama produk tempat campur tangan raja rakyat boikot barang mahal kos labor murah sistem masa berbeza
Tue Jul 09 03:33:31 +0000 2024,dumplingmatcha,But something is shocking me more.. anaknya udah paham buat boikot produk israel gitu terus bapaknya pengen borong permen karet....uh gue lupa brandnya...yg biasa deket kasir....bilang ini produk indo loh masa ga boikot ke anaknya yg bilang pa boikot jangan lupa ,but something is shocking me more anak udah paham buat boikot produk israel gitu terus bapak ken borong permen karet uh gue lupa brandnya yg biasa deket kasir bilang produk indo loh masa ga boikot anak yg bilang pa boikot jangan lupa
Tue Jul 09 09:25:41 +0000 2024,posaktualcom,Liga Arab Resmi Boikot Produk Pro Israel KH.Athian Ali: Semoga Diikuti Pemerintah Indonesia https://t.co/X7i9GZ9CDr https://t.co/X7i9GZ9CDr,liga arab resmi boikot produk pro israel kh athian ali moga ikut perintah indonesia
Tue Jul 09 16:59:40 +0000 2024,ooranium,@HOTBRATSUMMER setauku jco produk local? gak boikot jugaaa,tau jco produk local gak boikot jugaaa
Tue Jul 09 01:59:22 +0000 2024,Tom87719552,@Mdy_Asmara1701 Bukannya si mukidi ini udah bolak balik ke IKN harusnya tau dong ,asmara bukan si mukidi udah bolak balik ikn harus tau dong
Tue Jul 09 02:52:59 +0000 2024,hardyoel,Saya saksinya. Mrk org2 yg menyuarakan atau ikut berpartisipasi boikot produk2 israel tapi pas dapat produk makanan gratisan DISIKAAAT JUGAAA di traktir teman yg ultah. Haha satu kata buat mrk yg ikutan makan dgn penampilan sehari2 agamis banget : BANGSAT!,saksi mrk org yg suara ikut partisipasi boikot produk israel pas produk makan gratis disikaaat jugaaa traktir teman yg ultah haha satu kata buat mrk yg ikut makan dgn tampil hari agam banget bangsat
Tue Jul 09 05:57:20 +0000 2024,jinkiyaaaaaaaa,Ga heran krn fansnya jg ttp membiarkan mereka promosi produk zionis membuktikan kestandaran ganda mereka jd boikot ga akan pengaruh &amp; lama kelamaan afiliasi koriya-israhell jg makin terang2an walaupun diprotes ujung2nya fans kpop jg bakal nerima2 ja asal ttp bisa liat idolnya,ga heran krn fansnya jg ttp biar promosi produk zionis bukti standar ganda jd boikot ga pengaruh amp lama lama afiliasi koriya israhell jg makin terang walaupun protes ujung fans kpop jg bakal nerima ja asal ttp liat idolnya
Tue Jul 09 07:56:02 +0000 2024,Deraka90724962,@erlanishere Tapi heran njir banyak yang dukung emang iya sih ada positif nya juga kadang postingan nya.. tapi ini malah ga boikot produk Israel,heran njir banyak dukung emang iya sih positif nya kadang postingan nya ini malah ga boikot produk israel
Tue Jul 09 18:21:12 +0000 2024,kumadinyan,@berurian_ kamu bakal lebih nangis klo scroll rep¬≤ di postingan itu yg komen ttg palestine atau produk boikot pada di-hide sm dia ,kamu bakal lebih nang klo scroll rep postingan yg komen ttg palestine produk boikot di hide sm
Tue Jul 09 18:21:51 +0000 2024,uwu1074,Btw aku emang bukan tipe orang yg marah2 kalau temen ga boikot produk zionist. Kek mikir yaudah lah it s your choice. Dari aku tetep boikot tapi aku ga terlalu ngejudge orang lain yg ga boikot. Tapi kemarin aku jalan kan ke TP sama temen. Terus kek ketemu storenya Zara.,btw aku emang bukan tipe orang yg marah kalau temen ga boikot produk zionist kek mikir yaudah lah it your choice aku tetep boikot aku ga terlalu ngejudge orang yg ga boikot kemarin aku jalan kan tp sama temen terus kek ketemu storenya zara
Tue Jul 09 02:29:29 +0000 2024,NinzExe07,Bismillah Small act Big Impact Terimakasih banyak karena sdh Perduli Ô∏è Boikot Produk Israel memang Bukan Solusi Tp itu lebih kpd menjaga Kesadaran kita utk Perduli dgn Saudara kita di Palestina üáµüá∏ Teruskan Boikot Produk Zionis Israel &amp; Sekutunya‚ÄºÔ∏è #FreePalestine https://t.co/tB6t8LvYsm,bismillah small act big impact terimakasih banyak sdh duli boikot produk israel memang bukan solusi tp lebih kpd jaga sadar utk duli dgn saudara di palestina terus boikot produk zionis israel amp sekutu freepalestine
Tue Jul 09 10:20:46 +0000 2024,Viey_Taehyung,@goldenclosefren Sisi baiknya boikot mmg banyak produk lokal yg kita cuekin dulu jd kita perhatiin dan kita beli ya. Mlh banyak produk lokal ky mcD yg muncul rasanya jg gk kalah enak,sisi baik boikot mmg banyak produk lokal yg cuekin dulu jd perhatiin kita beli mlh banyak produk lokal ky mcd yg muncul rasa jg gk kalah enak
Tue Jul 09 05:54:45 +0000 2024,pawang_awan,@dillonwillend Aqua dulu boss Eh lupa Deng Aqua kan produk boikot,aqua dulu boss eh lupa deng aqua kan produk boikot
Tue Jul 09 10:48:01 +0000 2024,daily_of_ann,@32cicinho btw nivea tuh produk boikot tau ka,btw nivea tuh produk boikot tau ka
Tue Jul 09 07:11:41 +0000 2024,AnnNeko3,@btrsyiasya tbh kalo nk boikot semua berkaitan ngan tu mmg semua bende dh tkleh pakai/beli dh.. even yg lokal produk pon mcm2 hal... T.T,tbh kalo nk boikot semua kait ngan tu mmg semua bende dh tkleh pakai beli dh even yg lokal produk pon mcm
Tue Jul 09 07:31:16 +0000 2024,shafarrr3,Nah ini yg dari dulu gue pengen tanyain kenapa ngga ada yg boikot pacar mbak rockstar Duitnya kan semua mengalir ke dia tuh produk ,nah yg dulu gue ken tanyain ngga yg boikot pacar mbak rockstar duit kan semua alir dia tuh produk
