created_at,full_text,sentiment
Tue Dec 26 05:04:15 +0000 2023,"maaf nestle produk boikot. So mau boikot dlu ğŸ™ğŸ»",positif
Tue Dec 26 09:05:00 +0000 2023,"aku menolak boikot. Krn nyatanya produk McD dan KFC EMG enak pol",negatif
Tue Dec 26 12:09:10 +0000 2023,"masalah boikot di negara ini msih kurang bngt, Buktinya sekelas mekdi, KFC, sama starbak di sini msih aja rame. jd ga usahlah sok Sokan boikot",negatif
Tue Dec 26 15:09:53 +0000 2023,"Apasih gunanya boikot produk? Menyusahkan! Nyatanya produk aqua kan produk lokal",negatif
Tue Dec 26 18:13:02 +0000 2023,"KFC tuh masuk produk boikot ga sih?",netral
Tue Dec 26 20:13:11 +0000 2023,"kfc ga masuk daftar produk boikot lagi?",netral
Tue Dec 26 21:13:50 +0000 2023,"Gue gak ikutan boikot, tapi emang gak konsumsi barang2 yg diboikot.",netral
Tue Dec 26 21:14:45 +0000 2023,"Boikot ini tuh menambah motivasi untuk mensukseskan kampanye pemerintah untuk beralih ke produk dalam negeri",positif
Tue Dec 26 23:15:08 +0000 2023,"Apa sih gunanya pada boikot produk israel?? menurut gw sih ga ada malah makin rame tuh sekarang kfc,mcd,sbuck",negatif
Wed Dec 27 00:04:13 +0000 2023,"Dalam keadaan darurat kayak gini tuh, mendukung atau menolak boikot gak jadi masalah. Allah juga tau niat kita makan produk boikot itu apa.",netral
Tue Dec 26 08:56:10 +0000 2023,"Plis butuh list produk boikot deh soalnya gw mo dukung boikot, yg gue tau cuman mcd, bk, kfc, produk unilever, sama coca cola",positif
Tue Dec 26 08:04:13 +0000 2023,"boikot tuh memperlemah perekonomian dampaknya ke karyawan yg bekerja di produk yg diboikot",negatif
Tue Dec 26 08:04:13 +0000 2023,"kfc tuh masuk produk boikot ga si?",netral
Tue Dec 26 08:04:13 +0000 2023,"Gada gunanya tuh boikot. Bener produk nya nggak laku perusahaan nya terus tutup tp karyawannya banyak yg di PHK haha miris",negatif
Tue Dec 26 08:04:13 +0000 2023,"Masih dukung boikot selama ada produk pengganti. Kaya KFC, McD udah bener2 stop. Padahal dulu tiap hari beli ice creamnya McD.",positif
Tue Dec 26 08:04:13 +0000 2023,"Perkara masyarakat boikot atau tidak, itu mindset & kebutuhan. Saya pribadi sudah pakai produk lokal, walaupun tidak 100% lepas dari produk terafiliasi",netral
Tue Dec 26 08:04:13 +0000 2023,"banyak netizen mengolok2 orang yg ga ikutan ngeboikot. giliran disuguhin fakta kalo netizen juga masih pake produk amerika lgsg jawabnya 'ya kita kan gabisa 100% menghindari semua blablabla' hilih! suarakan boikot, tapi jgn jd pembully.",netral
Tue Dec 26 08:04:13 +0000 2023,"Ayo gais tetep dukung boikot, kita baik2 aja tanpa kfc, mcd dan produk lainnyaa",positif
Tue Dec 26 08:04:13 +0000 2023,"milo tuh produk boikot nder. ngasih tau aja sih ğŸ˜”ğŸ™ğŸ»",netral
Tue Dec 26 08:04:13 +0000 2023,"Gausah sok Sokan mau ngelakuin boikot produk Israel. Malahan dengan adanya gerakan ini berpotensi meruntuhkan ekonomi Indonesia. Sakit bgt gw liatnya",negatif
Tue Dec 26 08:04:13 +0000 2023,"Semenjak dukung boikot mcd dan kfc. Aku sadar kalo produk umkm nggak kalah enak dan lezat",positif
Tue Dec 26 08:04:13 +0000 2023,"Kenapa orang makan atau beli mcd sama sbux langsung koar koar boikot tapi kalo orang beli produk kaya nestle dll pada diem aja. emang bedanya apa?",netral
Tue Dec 26 08:04:13 +0000 2023,"Lebih baik donasi dan doa lebih konstruktif daripada boikot produk dalam yang hanya merugikan kita sendiri. #BoikotNgerugiinKita",netral
Tue Dec 26 08:04:13 +0000 2023,"Jangan hentikan aksi boikot dan tetap konsisten dalam mendukung boikot produk zionis kaya produk Danone Aqua",positif
Tue Dec 26 08:04:13 +0000 2023,"Drpd boikot2 yg merugikan bangsa sendiri jg, mendingan perbanyak sumbangan",negatif
Tue Dec 26 08:04:13 +0000 2023,"Boikot tuh aksi cerdas, krn boikot UMKM dan produk lokal yg selama ini gak dilirik justru sekarang makin disadari keberadaannya",positif
Tue Dec 26 08:04:13 +0000 2023,"Dengan adanya boikot justru merugikan negara. Akibat penjualan menurun, Unilever Indonesia melakukan pengurangan tenaga kerja",negatif
Tue Dec 26 08:04:13 +0000 2023,"Ga pernah beli starbucks. Soalnya gw dukung banget aksi boikot ini",positif
Tue Dec 26 08:04:13 +0000 2023,"Boikot produk tuh bukan solusi bela palestina karena merugikan negara kita juga karena produk yang di boikot malah ga ada fakta bela Israel #boikotngerugiinkitaâ€,negatif 
Tue Dec 26 08:04:13 +0000 2023,"Boikot produk dapat merugikan banyak pihak di dalam negeri. #BoikotNgerugiinKita",negatif
Tue Dec 26 08:04:13 +0000 2023,"efek adanya boikot produk sebenernya bukan cuma merugikan perusahaan. tapi merugikan pedagang juga, karena beberapa produk minuman di boikot. ngaruh bgt ke penjualan.",negatif
Tue Dec 26 08:04:13 +0000 2023,"Paling bener boikot tuh produk danone aqua, aqua juga kan gak bisa nyangkal terkait pro israel",positif
Tue Dec 26 08:04:13 +0000 2023,"gini loh, mau dukung boikot apa enggak itu hak personal, kamu boikot silahkan, ngurangi produk silahkan, mau beli silahkan. aku g belain siapa siapa. . .",netral
Tue Dec 26 08:04:13 +0000 2023,"Yuk gaes dukung boikot produk Danone Aqua !!!",positif
Tue Dec 26 08:04:13 +0000 2023,"menolak tentang boikot produk-produk yang katanya dukung Israel, kalian ga mikirin nasib pegawainya? mereka tidak tahu apa-apa selain itu ada keluarga yang harus di nafkahi juga,.",negatif
Tue Dec 26 08:04:13 +0000 2023,"Nyusahin karyawannya bgt deh. udah paling bener tolak boikot aja anti ribet",negatif
Tue Dec 26 08:04:13 +0000 2023,"Oreo dan Biskuat tuh dari Israel? Kalo mau dukung atau tolak boikot harus selektif ya man teman",netral
Tue Dec 26 08:04:13 +0000 2023,"Gw baru tau kalau oreo produk di boikot",netral
Tue Dec 26 08:04:13 +0000 2023,"Tau ga sih apa aja list produk boikot tuh??????",netral
Tue Dec 26 08:04:13 +0000 2023,"Biasanya sahur di mcd tp kali ini lg dukung boikot tuh produk",positif
Tue Dec 26 08:04:13 +0000 2023,"Unilever Akan PHK 7.500 Karyawan. Hebat kan aksi boikot ini malah ngerugiin masyarakat hadeh",negatif
Tue Dec 26 08:04:13 +0000 2023,"Makan aja itu rejeki kamu. Kalo dibuang juga dosa. Tapi mungkin next time bilang aja ke org yg kasih klo kmu boikot mcd",netral
Tue Dec 26 08:04:13 +0000 2023,"yuk dukung boikot mcd & sbuck karna produk/brand lokal banyak yg lebih enak dan yg terpenting LEBIH MURAH hehehhee",positif
Tue Dec 26 08:04:13 +0000 2023,"Kalau mau membantu saudara kita di Palestina, yang pertama kali bisa kita lakukan adalah donasi, kan banyak cara untuk membantu bukannya hanya boikot saja",netral
Tue Dec 26 08:04:13 +0000 2023,"Btw efek boikot bikin harga sembako pangan gak stabil. Dan banyak petani, nelayan jadi rugi. Yang rugi negara lu sendiri bukan isriwil.",negatif
Tue Dec 26 08:04:13 +0000 2023,"Adanya boikot ini malah masyarakat sendiri yang dirugikan, dan ini dapat menyebabkan banyak PHK serta pengangguran.",negatif
Tue Dec 26 08:04:13 +0000 2023,"Harus bijak dalam mengambil langkah terutama dalam hal boikot produk, dan faktanya Aqua tidak termasuk dalam produk yg diboikot dan Aqua dukung terus Palestina.",netral
Tue Dec 26 08:04:13 +0000 2023,"Buat aku ini hal yang menggembirakan karena tidak salah yang aku lakukan selama ini dengan tidak ikut-ikutan boikot produk Aqua, sebaliknya makin menguatkan bahwa ternyata Aqua itu Pro Palestina ğŸ™‚ğŸ‘ŒğŸ™ so, tolak boikot aqua",negatif
Tue Dec 26 08:04:13 +0000 2023,"Aksi Boikot Produk Pro Israel Menjadikan Industri Lokal Buka Lapangan Kerja Barul",positif
Tue Dec 26 08:04:13 +0000 2023,"sebenernya gapapa banget buat ngurangin produk luar. aku, sendiri juga boikot produk2 dari perusahaan multinational macem nestle, coca cola karna banyak alasan lainnya",netral
Tue Dec 26 08:04:13 +0000 2023,"Yuk jgn termakan hoax. Gerakan boikot ini sangat  berdampak kepada beberapa merek, seperti perusahaan air minum AQUA yang diisukan sebagai produk Israel. Padahal, AQUA adalah produk asli Indonesia yang secara terang-terangan mendukung Palestina.",netral
Tue Dec 26 08:04:13 +0000 2023,"btw es krim oreo salah satu produk dari walls yg dimana mereka pro israel, so yg hrs kita lakuin itu adalah dukung boikot. better beli eskrim buatan indonesia",positif
Tue Dec 26 08:04:13 +0000 2023,"Baru tau burger king itu produk boikotğŸ˜­",netral
Tue Dec 26 08:04:13 +0000 2023,"Benar juga akhirnya bahwa Aqua itu Pro Palestina jadi sudah waktunya kita kembali mengkonsumsi sehari-hari produk Danone dan tidak ikutan untuk boikot ataupun nyebarin fitnah di medsosğŸ™‚ğŸ™ğŸ‘Œ yuk jangan boikot aqua gaes",negatif
Tue Dec 26 08:04:13 +0000 2023,"Burger king tuh produk boikot kan???",netral
Tue Dec 26 08:04:13 +0000 2023,"Udh jelas burger king, mcd, subway, domino adalah produk boikot. semoga ttp konsisten dukung boikot produk isriwilğŸ‘ŠğŸ»ğŸ‘ŠğŸ»",positif
Tue Dec 26 08:04:13 +0000 2023,"Akhirnya dapat berita terbaru yang menggembirakan dan tidak ikutan untuk memperluas berita hoax, Aqua Pro Palestina jadi dah waktunya kita konsumsi kembali produk Aqua dan tidak ikutan tuk boikot ya gaesğŸ‘ŒğŸ™",negatif
Tue Dec 26 08:04:13 +0000 2023,"yuk boikot royco krn produk boikot",positif
Tue Dec 26 08:04:13 +0000 2023,"lebih bijak dalam boikot produk guys, kasian karyawan aqua ikut kena imbas",netral
Tue Dec 26 08:04:13 +0000 2023,"sampe sekarang gue masih konsumsi Aqua gak gue boikot. Emang terbukti bukan produk Israel dan selalu pro Palestina",negatif
Tue Dec 26 08:04:13 +0000 2023,"Burger king tuh enak bgt, juicy parah, ga kering ayamnya, padahal gua beli via shopefud tapi panas ayam baru gtu, tapi gua udah ga beli lagi krna produk boikot",positif
Tue Dec 26 08:04:13 +0000 2023,"Yuk jangan sampai salah sasaran boikot produk/perusahaan. karena supaya lebih efektif perlu juga strategi & selektif",netral
Tue Dec 26 08:04:13 +0000 2023,"Maaf ga bisa bgt boikot Coca cola soalnya minuman wajib saat hari raya hehe",negatif
Tue Dec 26 08:04:13 +0000 2023,"Momen untuk up produk lokal. Yuk boikot teruuss",positif
Tue Dec 26 08:04:13 +0000 2023,"udahlah gausa sok Sokan boikot kalau masih nongkrong di Starbucks",negatif
Tue Dec 26 08:04:13 +0000 2023,"Gak usah boikot2 produk yg bukan dari bds jadinya mlh gk efektif",negatif
Tue Dec 26 08:04:13 +0000 2023,"Yuk gaes pastiin produk yg diboikot itu sesuai sama bds",netral
Tue Dec 26 08:04:13 +0000 2023,"Dukung produk lokal yang sebelumnya terkena boikot, karena banyak yang dirugikan akibat boikot yang tidak tepat.",netral
Tue Dec 26 08:04:13 +0000 2023,"Meski blm dukung semua produk isriwil boikot tp mcd,kfc,burger king, dunkin, pizza, rinso, sunlight n bbrp udh stop sama sekali..",positif
Tue Dec 26 08:04:13 +0000 2023,"Untung ga gampang ke makan sama hoax. Jadi ga asal boikot produk. Apalagi aqua jelas banget mendukung palestina. Stop boikot aqua",negatif
Tue Dec 26 08:04:13 +0000 2023,"Eh yupi boleh nggak sih apa termasuk produk boikot juga ??",netral
Tue Dec 26 08:04:13 +0000 2023,"Semangat dukung boikot produk zionis",positif
Tue Dec 26 08:04:13 +0000 2023,"Akhirnya aku bisa balik minum Aqua dengan tenang. Yuk stop boikot produk ini",negatif
Tue Dec 26 08:04:13 +0000 2023,"Produk unilever masuk produk boikot ga?",netral
Tue Dec 26 08:04:13 +0000 2023,"kenapa ga nyari info ya tentang produk yg di boikot, stress bgt mikirin boikot produk yang ga efektif ini",negatif
Tue Dec 26 08:04:13 +0000 2023,"Satu keluarga sudah boikot produk Israel, kek Aqua, McD udah gak bakal kami beli beli",positif
Tue Dec 26 08:04:13 +0000 2023,"Fanta tuh produk boikot kah?",netral
Tue Dec 26 08:04:13 +0000 2023,"Gue terkadang udah boikot produk.. Tp kadang ya msh beli soalnya blm Nemu penggantinya",netral
Tue Dec 26 08:04:13 +0000 2023,"Yuk Boikot Starbucks ganti kopi kenangan dan kopi Nusantara, cintai produk dalam negeri anti penjajahan ğŸ˜€",positif
Tue Dec 26 08:04:13 +0000 2023,"yeyeyeye ğŸ’ƒğŸ» akhirnya terkuak fakta kalo aqua dukung palestina jadi kan ga perlu boikot produk nya deh",negatif
Tue Dec 26 08:04:13 +0000 2023,"Yok semangat boikot McD dan kfc gaes. Lagian banyak kok produk lokal yang setara",positif
Tue Dec 26 08:04:13 +0000 2023,"Nohhh SAH aqua bukan produk boikot, jgn percaya hoax lagi ya",negatif
Tue Dec 26 08:04:13 +0000 2023,"Jangan lupa boikot Dunkin Donat yah guys...",positif
Tue Dec 26 08:04:13 +0000 2023,"Gw sih kadang masih beli aqua, kan di list gada ya? Jadi gw fifty2 aja lahğŸ˜",netral
Tue Dec 26 08:04:13 +0000 2023,"Mari kita boikot Israel melalui produk produknya yg ada di NKRI !!!",positif
Tue Dec 26 08:04:13 +0000 2023,"Tau ga si, Aqua tuh produk lokal made in indonesia lhoh, ngapain juga kalian boikot, ga ada bukti valid kalau pro ke isriwil",negatif
Tue Dec 26 08:04:13 +0000 2023,"Gas boikot McD, kfc jgn kasih kendor.",positif
Tue Dec 26 08:04:13 +0000 2023,"Ah susah bgt mau ganti produk sehari-hari yg kena boikot, dahlah gw ga ikutan tuh boikot",negatif
Tue Dec 26 08:04:13 +0000 2023,"Saya sebagai orang yg tau starbucks itu ga enak, dan boikot aqua. Saya ga punya hak juga buat ngelarang orang orang pake produk ini siapapun mereka. Ngasih tau aja sekali, tapi kalo tetep pake yaudah.",netral
Tue Dec 26 08:04:13 +0000 2023,"Sbnrnya kalo ga bisa ganti produknya si gapapa sambil ikhtiar cari penggantinya. Klo gw si gamau ribet dan males boikot yg susah cari gantinya",negatif
Tue Dec 26 08:04:13 +0000 2023,"Kebutuhan hidupku banyak yg dari produk boikot, tapi biarin aja aku tetep pake, disini gak ngaruh apa2",negatif
Tue Dec 26 08:04:13 +0000 2023,"Semangat saudaraÂ² yang peduli dengan kemanusiaan. Boikot produk israel @McDonalds_ID, @SbuxIndonesia.",positif
Tue Dec 26 08:04:13 +0000 2023,"Saya sih ga peduli sama konflik israel palestine, dan ga ikut2an boikot produk apapun. Beda sama orng yg teriak peduli palestine sambil boikat boikot tapi tetep jadi donatur. Sungguh hiprokit ğŸ¤£",negatif
Tue Dec 26 08:04:13 +0000 2023,"lu boikot starbuck karena harganya mahal, tapi lu haus dikasih aqua juga lu bakal minum padahal itu produk sama sama pro israel, kenapa harus pilih pilih boikot, boikot ini kesadaran pribadi mba even artis yang lu suka up produk israel kalau dari lu sendiri boikot lu ga akan beli",negatif
Tue Dec 26 08:04:13 +0000 2023,"orang yg beli starbuck atau aqua belum tentu dukung israel jadi jangan fitnah mereka dukung israel, siapa aja boleh dukung palestina dgn caranya sendiri tapi jangan maksa orang boikot produk tertentu, kalian goblok kalo maksa orang boikot ini itu",netral
Tue Dec 26 08:04:13 +0000 2023,"Aku bener-bener gak paham sama gerakan boikot beginian. Produk-produknya kan buatan Indonesia semua.",netral
Tue Dec 26 08:04:13 +0000 2023,"Sebenarnya bagus sekali kalo mau jadi kaum militan soal boikot produk Israel. Tapi bagiku tetep harus mempertimbangkan fungsionalnya juga.",netral
Tue Dec 26 08:04:13 +0000 2023,"Tetap boikot, ganti ke produk lokal Indonesia.",positif
Tue Dec 26 08:04:13 +0000 2023,"Siap kakk sejauh ini juga aku ga pernah ikut boikot yg beredar di tiktok apalagi kalo itu produk Indonesia asli",negatif
Tue Dec 26 08:04:13 +0000 2023,"Apakah Oreo dan Biskuat Bagian Dari Israel? Selektif Dalam Memilih Produk Pada Gerakan Boikot",netral
Tue Dec 26 08:04:13 +0000 2023,"Selain itu, sebagai warning juga kepada perusahaan2 itu untuk tidak memberikan support ke penjajah zionis. Efek samping dari boikot itu ya UMKM dan produk lokal lainnya yang serupa bisa lebih naik.",positif
Tue Dec 26 08:04:13 +0000 2023,"Sekali lagi aku bilang, kalau ini bukan soal agama tapi soal KEMANUSIAAN!! ayo terus boikot idol idol yang mengkonsumsi produk produk boikot dan terus boikot produk yang masuk ke dalam daftar produk boikot!!! Idol kalian enak bisa makan, tidur, dan istirahat dengan tenang!!",positif
Tue Dec 26 08:04:13 +0000 2023,"Oh iy fyi produk yg diboikot kyk MCD itu ga berafiliasi sama israel sama sekali n msh bnyk produk israel yg dipake kyk pesawat tempur tp kalian ga boikot kn?",netral
Tue Dec 26 08:04:13 +0000 2023,"Gw justru bingung trs yg dharepin dr boikot tu apa? Zionis keabisan duit?? Kaga mungkin slm amrika msh cetak dollar! lo mw  boikot ya silakan, orng mw minum makan mcd silakan,klian msh pk  produk  amerika tp nyerang orang yg knsumsi starbuck ya t*l*l!",negatif
Tue Dec 26 08:04:13 +0000 2023,"iya bener, kata gw juga mau makan apaan kek produk boikot gw gak peduli tapi ya keep it private aja lah. jangan kayak org tone deaf gitu. ğŸ˜…",negatif
Tue Dec 26 08:04:13 +0000 2023,"Apakah akan ada PHK besar2an terhadap para karyawan produk yg kena boikot saat sales mereka minus?",netral
Tue Dec 26 08:04:13 +0000 2023,"Gue bakal kecewa bgt sih kalo mereka terlibat sama produk boikot :(",negatif
Tue Dec 26 08:04:13 +0000 2023,"Dampak langsung boikot produk zionis, produk lokal berkembang cerah.",positif
Tue Dec 26 08:04:13 +0000 2023,"Kalau saya udh tau list produk yg diboikot tapi gak boikot sb dan mcd gpp kan?",netral
Tue Dec 26 08:04:13 +0000 2023,"semisal kalian memang udah terlanjur pakai barangnya yaudah dipergunakan aja sampai rusak (laptop/sepatu). boikot disini ditujukan untuk mengingatkan kita agar kedepannya kita tidak lagi membeli/mengonsumsi produk-produk tersebut. makasiii cmiiwğŸ™ğŸ™ğŸ™",netral
Tue Dec 26 08:04:13 +0000 2023,"Setuju bang boikot starbuck. Tp tau ga bang knp produk umkm ngegaji karyawannya di bawah UMR? itu karna mereka kalah saing sm produk luar itu jd pendapatannya sedikit. Banyak org yg beli starbuck itu cuma buat gaya gayaan doang",positif
Tue Dec 26 08:04:13 +0000 2023,"Minum produk apapun preferensi pribadi, klo boikot boikot sendiri aja. Jangan suka ngatur hidup orang pakai standar yg kita yakini.",netral
Tue Dec 26 08:04:13 +0000 2023,"Boikot juga efektif untuk mendorong produk UMKM lokal. Kapan lagi produk UMKM bisa bersaing dengan waralaba yg udh skala internasional.",positif
Tue Dec 26 08:04:13 +0000 2023,"aku liat di bds keknya produk sunlight aman ga masuk boikot",negatif
Tue Dec 26 08:04:13 +0000 2023,"satu2nya cara yg bisa dilakukan ya gausah beli produknya, real boikot walaupun se bagus apapun itu produk colabnya.",positif
Tue Dec 26 08:04:13 +0000 2023,"Emang klo boikot produk yg kata lu produk Israel dinegara ini, dampaknya ke Israel apa ya kak?",netral
Tue Dec 26 08:04:13 +0000 2023,"hak konsumen lah mau beli produk yg mana termasuk boikot produk tertentu. Buat gua justru boikot ini nyelametin dompet banget & bikin melek produk lokal yg sama bagus dan lebih terjangkau. Lu mau ngebacot apa gua gak peduliğŸ¤£ğŸ¤£",positif
Tue Dec 26 08:04:13 +0000 2023,"Masih ngomong masalah boikot... boikot itu gak sesederhana yg kau pikirkan. Misalnya produk A diboikot padahal pabriknya juga ada di Indonesia...klo itu terjadi berarti akan ada PHK besar-besaran...trus kamu bisa gak nampung untuk kasih kerjaan...mikir...",negatif
Tue Dec 26 08:04:13 +0000 2023,"Banned aja itu zionis, tetap Boikot produk pro zionisğŸ«µ",positif
Tue Dec 26 08:04:13 +0000 2023,"sampai sekarang saya tidak menemukan produk sbux mcd kfc dll mendukung isriwil, sbux indonesia mengkonfirmasi di IG nya, MCD menyumbang 1,5 m ke palestine, dan masih di boikot, tutup mata kah bang??",negatif
Tue Dec 26 08:04:13 +0000 2023,"Biasanya si pake royco. Tp karna dia masuk list boikot, jadi sorry to say gw boikot tuh produk",positif
Tue Dec 26 08:04:13 +0000 2023,"Gw jg tetep make produk Israel  terlepas dri boikot2 itu. Karna gw emg ngerasa cocok,  pernah sekali pake produk yg ga pro Israel rasa nya beda bgt.",negatif
Tue Dec 26 08:04:13 +0000 2023,"Kalian ga mikir berapa  ribu orang Indonesia  akan kehilangan mata pencaharian dr produk yg kalian boikot. Belum petani kopi dan petani2 lain yg supply kebutuhan utk produk mereka.Mikir gaaa ???? Btw .. mau nanya kalian  pernah jajan tempat itu ?",negatif
Tue Dec 26 08:04:13 +0000 2023,"Alhamdulillah masihh semangat boikot, sebel bgt klo ngeliat temen sendiri masih mengkonsumsi produk boikot padahal udh tau itu lagi diboikotğŸ˜¤",positif
Tue Dec 26 08:04:13 +0000 2023,"ternyata udah ada fatwa MUI ya soal boikot produk. utk skincare make up dan body-hair-personal care sih gak repot krn udah setahun hijrah pake oriflame. yg agak peer nih makanan https://t.co/04rJYHoRCq",positif
Tue Dec 26 08:04:13 +0000 2023,"jd sekarang pake masako karena yang sebelah di boikot",negatif
Tue Dec 26 08:04:13 +0000 2023,"balik lagi boikot enggak itu hak pribadi kak. terserah followernya mau ikut enggak, jangan dihakimi juga buat yang belum bisa boikot total, selagi pendirian kuat gak akan terpengaruh ajakan pake produk. kalau kamu udah bs total boikot itu bagus, kampanye mulai dengan cara halus",netral
Tue Dec 26 08:04:13 +0000 2023,"Nder ijin nanya, kalo boikot gitu tuh emang ngaruh yaa bcz imo kalo cuma boikot mcd dll tapi kitanya masih main instagram dan aku mikirnya kasian juga yang kerja juga pasti nanti terkena dampaknya, nahh itu gimana ya nder jujur aku kurang paham tentang ini...",netral
Tue Dec 26 08:04:13 +0000 2023,"Yang ga mau ikut boikot malah lebih maksa daripada yang ikut boikot. At least yang ngajak boikot alasannya kuat. Yang ngajak ga boikot alasannya dibuat-buat. Yang ngajak boikot maksa? Elah selama lu ga tone deaf orang biasa aja.",netral
Tue Dec 26 08:04:13 +0000 2023,"dulu royco, trs kena boikot kan dia(?)",positif
Tue Dec 26 08:04:13 +0000 2023,"gue syg bgt sm nct gmn dong, gabisa boikot mereka... gue mau boikot produk nya aja yg collab sm produk zionis ğŸ˜ maaf. .",negatif
Tue Dec 26 08:04:13 +0000 2023,"Mana ya list produk boikot mau belanja bulanan",netral
Tue Dec 26 08:04:13 +0000 2023,"Guys masih tetap boikot produk atau komoditas yg berafiliasi dengan Zionis Israel kan? FYI bahwa setiap harinya Zionis Israel harus mengeluarkan anggaran sebanyak $260 Juta. Artinya sampai hari ini mereka sudah mengeluarkan anggaran sebesar $10 14 Milyar. Belum lagi mereka https://t.co/kfliPPVzVb",positif
Tue Dec 26 08:04:13 +0000 2023,"Terima kasih tak terhingga tuk para pejuang maya yang senantiasa: Tetap semangat boikot produk zionis n gerombolannya Tetap julid di akun zionis mancung pesek dan mingslep Tetap berdoa demi kebaikan dan kemuliaan rakyat Palestina Tetap sadar dan bertagar #FreePalestine ï¸ https://t.co/wcPbDBrPsl",positif
Tue Dec 26 08:04:13 +0000 2023,"Adanya kabar ini makin semangat untuk ikutan menyebarkan ke dunia medsos bahwa Aqua itu Pro Palestina jadi gak perlu takut-takut lagi untuk konsisten mengkonsumsi sehari-hari Aqua dimanapun kita berada, gak zamannya boikot produknya Danone ğŸ™‚ğŸ‘ŒğŸ™",negatif
Tue Dec 26 08:04:13 +0000 2023,"Bersyukur bener bangtan wamil rest smuanya kaga kena boikot grgr dukung produk isriwil wkwkw",netral
Tue Dec 26 08:04:13 +0000 2023,"Karena sudah nyata-nyata Aqua itu Pro Palestina jadi gak ada lagi alasan untuk boikot produknya Danone justru sebaliknya harus semangat untuk terus konsumsi dan sebarkan informasi ini ke masyarakat luas agar tidak terjebak di hoax ataupun fitnah ğŸ™‚ğŸ‘ŒğŸ™ jgn boikot ini produk ya",negatif
Tue Dec 26 08:04:13 +0000 2023,"Saham Unilever Tertekan di Tengah Aksi Boikot Produk Pro-Israel https://t.co/jjiYWMTerV. Gas tetep boikot yah temen temen",positif
Tue Dec 26 08:04:13 +0000 2023,"hokben produk yang di boikot juga ga?",netral
Tue Dec 26 08:04:13 +0000 2023,"Padahal burger king nih enak loh patty nya juga juicy gendut-gendut Mereka juga bukan produk yg masuk boikot kan yah?",netral
Tue Dec 26 08:04:13 +0000 2023,"Ayo semangat lagi aksi boikot produk Zionis. Jangan kasi kendor sebelum Palestina terbebas dari penjajahan Teroris Zionis..",positif
Tue Dec 26 08:04:13 +0000 2023,"Sempet bimbang konsumsi Aqua lagi apa enggak. Habis liat faktanya makin yakin, gak akan gue boikot. Emang harus hatiÂ² sama hoax, jgn sampe percaya",negatif
Tue Dec 26 08:04:13 +0000 2023,"Saya berharap gerakan boikot produk yang mendukung Zi0nis yang masif dan terstruktur bisa naik level kepada pendirian pasar yang mandiri dan penguasaan faktor produksi itu sendiri sehingga hasilnya lebih impactful and sustainable. Demi kemanusiaan",positif
Tue Dec 26 08:04:13 +0000 2023,"Domino pizza aman ga ya?",netral
Tue Dec 26 08:04:13 +0000 2023,"Yok bisa yok boikot produk zionis!!! Konsisten yook Bikin mereka kalah sekalah-kalahnyaaa!!!! Mau liat kehancuran mereka di dunia #FreePalaestin #FreeGaza",positif
Tue Dec 26 08:04:13 +0000 2023,"Emangggggg percuma kata gue mah lu pada boikot produk kalo omongan sikap ketikan lu pada persis mirip bgt zionis",negatif
Tue Dec 26 08:04:13 +0000 2023,"Ada hikmahnya juga ternyata rumahku jauh dari kota. Boikot atau ga boikot terasa sama. Tapi krn skrg udah paham ke depannya sepertinya ga beli nih produk lagi deh..",positif
Tue Dec 26 08:04:13 +0000 2023,"Gmn kak, yg sudh beli produknya? sudah tdk bisa d konsumsi lagi? atw bgmna kak?",netral
Tue Dec 26 08:04:13 +0000 2023,"Amin, akhirnya yang benar bahwa Aqua itu Pro Palestina jadi tidak ada gunanya lagi ikut-ikutan untuk boikot produknya Danone. Makin bijak dan berhati-hati agar tidak ikutan nyebarin fitnah soal AquağŸ‘ŒğŸ™",negatif
Tue Dec 26 08:04:13 +0000 2023,"Jadi bener-bener serius nih efek boikot Agresi dan genosida Israel di Palestina yang sudah berlangsung 2 bulan memunculkan gerakan boikot. Aksi boikot semakin membesar usai Majelis Ulama Indonesia (MUI) mengeluarkan fatwa haram membeli produk dari produsen yang nyata https://t.co/5urvxpYVYX",positif
Tue Dec 26 08:04:13 +0000 2023,"MENURUT SAYA BOIKOT BUKAN SOLUSI, MEMANG BENAR DENGAN BOIKOT DAPAT MEMBANTU MENGURANGI PENDAPATAN NEGARA MEREKA",negatif
Tue Dec 26 08:04:13 +0000 2023,"Sejak dl yg namanya boikot itu g ada bangkrutin perusahaan, boikot itu simbol perlawanan tanpa kekerasan yg bisa dilakukan org awam.",positif
Tue Dec 26 08:04:13 +0000 2023,"aku mikirnya malah ntar kalo di boikot cth mcd, ntar penghasilan mereka turun terus akhirnya mecat pegawainya. apa nggak kasihan sama pegawainya?",negatif
Tue Dec 26 08:04:13 +0000 2023,"Valid ga nih sumber infonya kalo nestle tuh di boikot?",netral
Tue Dec 26 08:04:13 +0000 2023,"Boikot ini, kira2 akan pngaruh sama pekerja di indo ga?? kyk nambah angka pengangguran mgkn??",netral
Tue Dec 26 08:04:13 +0000 2023,"boikot itu bukan berhenti menggunakan suatu produk, tapi berhenti membelinya, jika sudah terlanjur beli sebelumnya ya pake aja sampe habis/rusak",netral
Tue Dec 26 08:04:13 +0000 2023,"please gais lanjut boikotğŸ™ğŸ» tahan godaan promo,apa kalian ga punya rasa empati sedikitpun liat saudara2 di PalestineğŸ™ğŸ˜¢.kita cm ganti merek brg aja",positif
Tue Dec 26 08:04:13 +0000 2023,"ternyata indofood pro israelğŸ˜­ğŸ˜­ğŸ˜­, tapi aku masih make soalnya produk indofood lebih enak",negatif
Tue Dec 26 08:04:13 +0000 2023,"Jujur sbnrnya gua masih bingung, menurut gua boikot ini bukan brrti kita berhenti memakai tapi lebih menahan diri dulu smntra buat ga beli",netral
Tue Dec 26 08:04:13 +0000 2023,"Alhamdulillah dr hal yg kecil skg sdh menganti beberapa produk yg mendukung zionis semoga terus istiqomah ğŸ‰ğŸ‡µğŸ‡¸â¤ï¸#freepalestine",positif
Tue Dec 26 08:04:13 +0000 2023,"tpi kurang akurat kak.. krna Aqua yg pro israel ajaa disitu gk terdata.",negatif
Tue Dec 26 08:04:13 +0000 2023,"indofood dan mayora pro isriwil juga ya ternyata. Gapapa deh ya ga ikut boikot soalnya bingung mau nyari produk lain",negatif
Tue Dec 26 08:04:13 +0000 2023,"Kak A&W tuh iya juga atau engga?",netral
Tue Dec 26 08:04:13 +0000 2023,"Tapi gua pake odol pepsodent ğŸ˜­ mau ganti yang lain gak bisaaaa",negatif
Tue Dec 26 08:04:13 +0000 2023,"Tetap istiqomah gess demi kemanusiaan",positif
Tue Dec 26 08:04:13 +0000 2023,"Please info pengganti Del Monte yg lebih enak apa ya?",netral
Tue Dec 26 08:04:13 +0000 2023,"serius ga papa kita tetep beli kalau kita susah melepasnya?ğŸ˜­",netral
Tue Dec 26 08:04:13 +0000 2023,"Coba dehh cari cari tentang Indofood. Ngeri jg tau faktanyağŸ˜­ pdhl langsung ke perusahaan yg membiayai persenjataan siriwilğŸ—¿ Aku udh stop makan IndomieğŸ—¿ Skrng ganti Megah mie, sejati, dllğŸ˜‚ğŸ¤£",positif
Tue Dec 26 08:04:13 +0000 2023,"aku ikut boikotÂ² ini udah dari bberapa bulan yang lalu, tapi tiap ke supermarket terus liat orangÂ² msih pada beli produkÂ² yang katanya diboikot",positif
Tue Dec 26 08:04:13 +0000 2023,"Boikot terus gada manfaatnya",negatif
Tue Dec 26 08:04:13 +0000 2023,"banyak bet jir. memang knp sih kalo kita makan atau minum buatan israel kan gk ada yah setau aku heheheğŸ˜",negatif
Tue Dec 26 08:04:13 +0000 2023,"klo terlanjur beli produk yg diboikot (sblmnya kita ga tau klo produk itu termasuk produk boikot) gmn?",netral
Tue Dec 26 08:04:13 +0000 2023,"Alhamdulillah produk produk yang pro isriwil kebanyakan aku emang gapake, jadi gaterlalu susahğŸ˜ kecuali aqua dan pepsodent, cuss langsung ganti",positif
Tue Dec 26 08:04:13 +0000 2023,"Trus gimana hukum nya buat para pejuang nafkah yg bekerja di unilever ?",netral
Tue Dec 26 08:04:13 +0000 2023,"Gue udh setahun boikot ğŸ˜‚ğŸ˜‚ jadi pas restok awal bulan dah apal bnget produk2 nya",positif
Tue Dec 26 08:04:13 +0000 2023,"ğŸ˜‚ğŸ˜‚ atur ajalah .. kalo saya sih ga liat itu yg cocok yaa gue pake",negatif
Tue Dec 26 08:04:13 +0000 2023,"Gw sekuat tenaga nahan gak lirik produk yg di boikot padahal lagi diskon semua, ya Krn gw lagi dukung bgt nih boikot",positif
Tue Dec 26 08:04:13 +0000 2023,"sorry kak.. tapi gw ga menolak boikot klo tapi tetep nongkrong disitu.. kalo gw jadi temen lo bakal gw ceng in juga sih... kyk lo boikot tapi masih disitu nanggung amat..",negatif
Tue Dec 26 08:04:13 +0000 2023,"kemarinnn guee liat di minimarkett harga vaselinee potongannya gedee bgtt cuyğŸ˜­ğŸ˜­ menahan diri untuk tidak membeliiğŸ˜­kmrn gw peduli kemanusiaan",positif
Tue Dec 26 08:04:13 +0000 2023,"gue sih gak ikut acara boikot2 soalnya gue masih butuh cuy (google, ig, wa, fb, youtube dkk).",negatif
Tue Dec 26 08:04:13 +0000 2023,"Krn Deket rumah cm ada McD, kfc, burger king dan akibat aksi boikot lagi banyak promo. Ya udah gw beli aja dah haha lumayan bgt kan buat anak rantau",negatif
Tue Dec 26 08:04:13 +0000 2023,"lihat klarifikasi fatwa dari MUI . gak ada produk yg diboikot. yg dimksud MUI itu aksi membela israel bukan produknya",netral
Tue Dec 26 08:04:13 +0000 2023,"skrg lagi dukung boikot produk..beli barang yg nggk ad Unilever nya",positif
Tue Dec 26 08:04:13 +0000 2023,"kmren aku di supermarket sampe lamaaa bgttttt, gara2 ngecekin list produk yg diboikot ğŸ˜‚ğŸ˜‚",positif
Tue Dec 26 08:04:13 +0000 2023,"ya makanya gue gak mau ikut boikot yang lain, krna lu masih pake yang lain juga",negatif
Tue Dec 26 08:04:13 +0000 2023,"kalo ngabisin stok bole gasi ? mau dibuang takut mubazir",netral
Tue Dec 26 08:04:13 +0000 2023,"serius nanya nih ya, kalo warung kecil yg udh terlanjur stok gimana? apakah harus di buang? atau habisin stok dulu, abis itu jangan re-stok lagi?",netral
Tue Dec 26 08:04:13 +0000 2023,"serius tanya nih le minerale beneran pro Israel?",netral
Tue Dec 26 08:04:13 +0000 2023,"Lah iya, skr belanja kebutuhan diliat - liat teliti. takut belinya salah, alhamdulillah dikit2 dah bisa ganti brg2 produk yg ono demi dukung boikot",positif
Tue Dec 26 08:04:13 +0000 2023,"gw saking gedegnya ampe ngskip klo ada orang yg koar2 boikotğŸ˜Œ pdhal itu hak setiap orang malah pda maksa. Kalo gw pribadi ya ga ikut dukung si soalnya banyak ruginya",negatif
Tue Dec 26 08:04:13 +0000 2023,"yang udah terlanjur stok boleh di abisin dulu gak si?ğŸ˜“",netral
Tue Dec 26 08:04:13 +0000 2023,"dah mending lokal aja..banyak yg jauh lebih enak..lebih murah..saatnya produk lokal meroket ğŸ¥°ğŸ¥°",positif
Tue Dec 26 08:04:13 +0000 2023,"ortu ku denger kbr itu langsung ganti saat itu juga ğŸ˜­",positif
Tue Dec 26 08:04:13 +0000 2023,"Gw si blm bisa meninggalkan mcd. mcd tempat yg pas buat begadang nugas, seandainya di Indonesia khususnya jkt ada cafe study 24 jam hehe",negatif
Tue Dec 26 08:04:13 +0000 2023,"Sumber dari mana ya kalo aqua tuh produk boikot?",netral
Tue Dec 26 08:04:13 +0000 2023,"Pemboikotan tdk ada berdampak kk hnya beberp wktu, krna perusahaan besar psti punya dana darurat. Jd untk phk tdk akan dlm wktu dkt",negatif
Tue Dec 26 08:04:13 +0000 2023,"Alhamdulillah sedikit2 buat ngedukung boikot ini, ibuk udh ga restock produk2 yg pro isriwil ğŸ˜­",positif
Tue Dec 26 08:04:13 +0000 2023,"Gini nih, boikot gak boikot itu terserah diri sendiri, kita gak 100% suci coi, gak usah sok2an anggap orng yg gak boikot suatu produk itu dajjal",netral
Tue Dec 26 08:04:13 +0000 2023,"BOLEH2 AJA BOIKOT MCD STARBUCKS DLL DEH, TAPI KASIH SOLUSI PEGAWAINYA JUGA DONG!!!!!!",netral
Tue Dec 26 08:04:13 +0000 2023,"Kalo prinsip gw buat ngedukung boikot tuh yang penting kita mengurangi pemakaian produk2 pro Israel tersebut, misal tadinya pake 10 produk bisa dikurangi jadi 5 produk",positif
Tue Dec 26 08:04:13 +0000 2023,"Aku tim yang kalau ragu mending gk usah boikot segala macem",negatif
Tue Dec 26 08:04:13 +0000 2023,"alhamdulillah walaupun tidak bisa berdonasi ..tapi aku berhenti pake produk unilever. Yok dukung boikot semuanya",positif
Tue Dec 26 08:04:13 +0000 2023,"unilever gmn?? apa betul itu produk dri israel??",netral
Tue Dec 26 08:04:13 +0000 2023,"semuanya sudah di ganti produk lokal,sedang beradaptasi dengan Masako,bismillah dukung boikot..",positif
Tue Dec 26 08:04:13 +0000 2023,"Cape banget masalah boikot ini... Emang ngaruh bgt?",negatif
Tue Dec 26 08:04:13 +0000 2023,"Ya Allah aku mau ngabisin dulu yang ada biar ga mubazir ,next ganti produk soalnya mau ngedukung boikot demi kemanusiaan ğŸ¥º",positif
Tue Dec 26 08:04:13 +0000 2023,"Yah itu sih tergantung mindset nya ya, kalo yang gak mau boikot ya boleh, kalo mau boikot ya boleh",netral
Tue Dec 26 08:04:13 +0000 2023,"Aku sih tetep beli McD soalnya enak dan kadang banyak promonya xixixix:)",negatif
Tue Dec 26 08:04:13 +0000 2023,"Yok ges ttp boikot ya soalnya efek boikot produk pro Israel di banyak negara bikin penjualan McDonald's merosot. Pertumbuhannya anjlok 4 kuartal berturut-turut loh hehe:). #bisnisupdate #update #bisnis #text",positif
Tue Dec 26 08:04:13 +0000 2023,"ini kampanye boikot boikot kok makin lama makin meresahkan ya.",negatif
Tue Dec 26 08:04:13 +0000 2023,"Penjualan McDonald's mengalami penurunan di banyak negara sebagai dampak dari boikot terhadap produk pro-Israel. Penurunan ini mencerminkan situasi pasar yang kompleks dan dapat memiliki implikasi yang beragam bagi perusahaan.",netral
Tue Dec 26 08:04:13 +0000 2023,"maaf nestle tuh produk boikot. So mau boikot dlu ğŸ™ğŸ»",positif
Tue Dec 26 08:04:13 +0000 2023,"aku menolak boikot. Krn nyatanya produk McD dan KFC EMG enak pol",negatif
Tue Dec 26 08:04:13 +0000 2023,"Aksi boikot di negara ini msih kurang,  Buktinya sekelas mekdi, KFC, sama starbak di sini msih aja rame. jd ga usahlah sok Sokan boikot",negatif
Tue Dec 26 08:04:13 +0000 2023,"Emg boikot tuh gunanya apa? Menyusahkan! Nyatanya produk aqua kan produk lokal",negatif
Tue Dec 26 08:04:13 +0000 2023,"KFC masuk produk boikot ga sih?",netral
Tue Dec 26 08:04:13 +0000 2023,"kfc ga masuk daftar produk boikot lagi ya?",netral
Tue Dec 26 08:04:13 +0000 2023,"Gue ga ikutan boikot, tapi emang gak konsumsi barang2 yg diboikot.",netral
Tue Dec 26 08:04:13 +0000 2023,"Boikot ini malah menambah motivasi untuk mensukseskan kampanye pemerintah untuk beralih ke produk dalam negeri",positif
Tue Dec 26 08:04:13 +0000 2023,"Apa gunanya pada boikot produk israel?? menurut gw sih ga ada malah makin rame tuh sekarang kfc,mcd,sbuck",negatif
Tue Dec 26 08:04:13 +0000 2023,"Dalam keadaan darurat, mendukung atau menolak boikot gak jadi masalah. Allah juga tau niat kita makan produk boikot itu apa.",netral
Tue Dec 26 08:04:13 +0000 2023,"Butuh list produk boikot deh soalnya gw mo dukung boikot, yg gue tau cuman mcd, bk, kfc, produk unilever, sama coca cola",positif
Tue Dec 26 08:04:13 +0000 2023,"boikot malah memperlemah perekonomian dampaknya ke karyawan yg bekerja di produk yg diboikot",negatif
Tue Dec 26 08:04:13 +0000 2023,"kfc masuk produk boikot ga si?",netral
Tue Dec 26 08:04:13 +0000 2023,"Gada gunanya boikot. Bener produk nya nggak laku perusahaan nya terus tutup tp karyawannya banyak yg di PHK haha miris",negatif
Tue Dec 26 08:04:13 +0000 2023,"Gw dukung boikot selama ada produk pengganti. Kaya KFC, McD udah bener2 stop. Padahal dulu tiap hari beli ice creamnya McD.",positif
Tue Dec 26 08:04:13 +0000 2023,"Persoalan masyarakat boikot atau tidak, itu mindset & kebutuhan. Saya pribadi sudah pakai produk lokal, walaupun tidak 100% lepas dari produk terafiliasi",netral
Tue Dec 26 08:04:13 +0000 2023,"Gw ga memihak manapun. giliran disuguhin fakta kalo netizen juga masih pake produk amerika lgsg jawabnya 'ya kita kan gabisa 100% menghindari semua blablabla' hilih! suarakan boikot, tapi jgn jd pembully.",netral
Tue Dec 26 08:04:13 +0000 2023,"Yok gais tetep dukung boikot, kita baik2 aja tanpa kfc, mcd dan produk lainnyaa",positif
Tue Dec 26 08:04:13 +0000 2023,"milo tuh produk boikot. ngasih tau aja sih ğŸ˜”ğŸ™ğŸ»",netral
Tue Dec 26 08:04:13 +0000 2023,"Gausah sok Sokan mau ngelakuin boikot produk Israel. Adanya gerakan ini malah berpotensi meruntuhkan ekonomi Indonesia. Sakit bgt gw liatnya",negatif
Tue Dec 26 08:04:13 +0000 2023,"Semenjak dukung boikot mcd dan kfc. Aku sadar kalo produk umkm ternyata enak dan lezat",positif
Tue Dec 26 08:04:13 +0000 2023,"Kenapa sih orang makan atau beli mcd sama sbux langsung koar koar boikot tapi kalo orang beli produk kaya nestle dll pada diem aja. Ada yg bisa jelasin?",netral
Tue Dec 26 08:04:13 +0000 2023,"Mending donasi dan doa lebih konstruktif daripada boikot produk dalam yang hanya merugikan kita sendiri. #BoikotNgerugiinKita",netral
Tue Dec 26 08:04:13 +0000 2023,"Dukung terus aksi boikot dan tetap konsisten dalam mendukung boikot produk zionis kaya produk Danone Aqua",positif
Tue Dec 26 08:04:13 +0000 2023,"Boikot tuh merugikan bangsa sendiri jg, mendingan perbanyak sumbangan",negatif
Tue Dec 26 08:04:13 +0000 2023,"Boikot adalah aksi cerdas, krn boikot UMKM dan produk lokal yg selama ini gak dilirik justru sekarang makin disadari keberadaannya",positif
Tue Dec 26 08:04:13 +0000 2023,"Dengan aksi boikot ini justru merugikan negara. Akibat penjualan menurun, Unilever Indonesia melakukan pengurangan tenaga kerja",negatif
Tue Dec 26 08:04:13 +0000 2023,"Ga pernah beli starbucks. Soalnya gw setuju banget dg aksi boikot ini",positif
Tue Dec 26 08:04:13 +0000 2023,"Boikot produk bukan solusi bela palestina karena merugikan negara kita juga karena produk yang di boikot malah ga ada fakta bela Israel #boikotngerugiinkitaâ€,negatif 
Tue Dec 26 08:04:13 +0000 2023,"Boikot dapat merugikan banyak pihak di dalam negeri. #BoikotNgerugiinKita",negatif
Tue Dec 26 08:04:13 +0000 2023,"adanya boikot produk sebenernya bukan cuma merugikan perusahaan. tapi merugikan pedagang juga, karena beberapa produk minuman di boikot. ngaruh bgt ke penjualan.",negatif
Tue Dec 26 08:04:13 +0000 2023,"Yuk boikot tuh produk danone aqua, aqua juga kan gak bisa nyangkal terkait pro israel",positif
Tue Dec 26 08:04:13 +0000 2023,"gini, mau dukung boikot apa menolak itu hak personal, kamu boikot silahkan, ngurangi produk silahkan, tetap beli silahkan. aku g belain siapa siapa. . .",netral
Tue Dec 26 08:04:13 +0000 2023,"Yuk dukung boikot produk Danone Aqua !!!",positif
Tue Dec 26 08:04:13 +0000 2023,"kalian ga mikirin nasib pegawainya? mereka tidak tahu apa-apa selain itu ada keluarga yang harus di nafkahi juga,.",negatif
Tue Dec 26 08:04:13 +0000 2023,"udah paling bener tolak boikot aja anti ribet",negatif
Tue Dec 26 08:04:13 +0000 2023,"Oreo dan Biskuat dari Israel? Kalo mau dukung atau tolak boikot harus selektif ya man teman",netral
Tue Dec 26 08:04:13 +0000 2023,"baru tau kalau oreo produk di boikot",netral
Tue Dec 26 08:04:13 +0000 2023,"Tau ga sih apa aja list produk boikot ??????",netral
Tue Dec 26 08:04:13 +0000 2023,"Biasanya sering beli ayam di mcd tp kali ini lg dukung boikot tuh produk",positif
Tue Dec 26 08:04:13 +0000 2023,"Unilever melakukan PHK 7.500 Karyawan. Hebat kan aksi boikot ini malah ngerugiin masyarakat hadeh",negatif
Tue Dec 26 08:04:13 +0000 2023,"Makan aja, soalnya kalo dibuang juga dosa. Tapi mungkin next time bilang aja ke org yg kasih klo kmu boikot mcd",netral
Tue Dec 26 08:04:13 +0000 2023,"yuk boikot mcd & sbuck karna produk/brand lokal banyak yg lebih enak dan yg terpenting LEBIH MURAH hehehhee",positif
Tue Dec 26 08:04:13 +0000 2023,"Klo mo membantu saudara kita di Palestina, yang pertama kali bisa kita lakukan adalah donasi, kan banyak cara untuk membantu bukannya hanya boikot saja",netral
Tue Dec 26 08:04:13 +0000 2023,"efek boikot bikin harga sembako pangan gak stabil. Dan banyak petani, nelayan jadi rugi. Yang rugi negara lu sendiri bukan israel.",negatif
Tue Dec 26 08:04:13 +0000 2023,"boikot malah membuat masyarakat sendiri yang dirugikan, dan ini dapat menyebabkan banyak PHK serta pengangguran.",negatif
Tue Dec 26 08:04:13 +0000 2023,"Harus selektif dalam mengambil langkah terutama dalam hal boikot produk, faktanya Aqua tidak termasuk dalam produk yg diboikot dan Aqua dukung terus Palestina.",netral
Tue Dec 26 08:04:13 +0000 2023,"Alhamdulillah seneng bgt karena tidak salah yang aku lakukan selama ini dengan tidak ikut-ikutan boikot produk Aqua, sebaliknya makin menguatkan bahwa ternyata Aqua itu Pro Palestina ğŸ™‚ğŸ‘ŒğŸ™ so, tolak boikot aqua",negatif
Tue Dec 26 08:04:13 +0000 2023,"Aksi Boikot Produk Pro Israel Menjadikan Industri Lokal Buka Lapangan Kerja Baru loh",positif
Tue Dec 26 08:04:13 +0000 2023,"gapapa banget buat ngurangin produk luar. aku, sendiri juga boikot produk2 dari perusahaan multinational macem nestle, coca cola karna banyak alasan lainnya",netral
Tue Dec 26 08:04:13 +0000 2023,"Yuk jgn termakan hoax. Gerakan boikot ini sangat  berdampak kepada beberapa merek, seperti perusahaan air minum AQUA yang diisukan sebagai produk Israel. Padahal, AQUA adalah produk asli Indo",netral
Tue Dec 26 08:04:13 +0000 2023,"Es krim oreo salah satu produk dari walls yg dimana mereka pro israel, yuk dukung boikot. better beli eskrim buatan indonesia",positif
Tue Dec 26 08:04:13 +0000 2023,"Baru tau gw klo burger king itu produk boikotğŸ˜­",netral
Tue Dec 26 08:04:13 +0000 2023,"akhirnya Aqua itu Pro Palestina jadi sudah waktunya kita kembali mengkonsumsi sehari-hari produk Danone dan tidak ikutan untuk boikot ataupun nyebarin fitnah di medsosğŸ™‚ğŸ™ğŸ‘Œ yuk jangan boikot aqua gaes",negatif
Tue Dec 26 08:04:13 +0000 2023,"Burger king tuh produk boikot ga si???",netral
Tue Dec 26 08:04:13 +0000 2023,"Di list produk boikot ada burger king, mcd, subway, domino, semoga ttp konsisten dukung boikot produk isriwilğŸ‘ŠğŸ»ğŸ‘ŠğŸ»",positif
Tue Dec 26 08:04:13 +0000 2023,"Akhirnya dapat berita kalo Aqua Pro Palestina jadi dah waktunya kita konsumsi kembali produk Aqua dan tidak ikutan tuk boikot ya gaesğŸ‘ŒğŸ™",negatif
Tue Dec 26 08:04:13 +0000 2023,"boikot royco gaes, jgn kasi kendor",positif
Tue Dec 26 08:04:13 +0000 2023,"Bijaklah dalam boikot produk guys, kasian karyawan aqua ikut kena imbas",netral
Tue Dec 26 08:04:13 +0000 2023,"sampe sekarang gue masih beli Aqua. Emang terbukti bukan produk Israel dan selalu pro Palestina",negatif
Tue Dec 26 08:04:13 +0000 2023,"Burger king tuh enak bgt, juicy parah, ga kering ayamnya, tapi gua udah ga beli lagi krna produk boikot",positif
Tue Dec 26 08:04:13 +0000 2023,"Jangan sampai salah sasaran boikot produk/perusahaan. karena supaya lebih efektif perlu juga strategi & selektif",netral
Tue Dec 26 08:04:13 +0000 2023,"Maaf ga bisa boikot Coca cola soalnya minuman wajib saat hari raya hehe",negatif
Tue Dec 26 08:04:13 +0000 2023,"Aksi boikot ini merupakan momen untuk up produk lokal. Yuk boikot teruuss",positif
Tue Dec 26 08:04:13 +0000 2023,"udahlah gausa boikot segala macem kalau masih nongkrong di Starbucks",negatif
Tue Dec 26 08:04:13 +0000 2023,"Gak usah boikot2 produk yg bukan dari bds jadinya mlh gk efektif dan malah ngerugiin",negatif
Tue Dec 26 08:04:13 +0000 2023,"Gaes produk yg diboikot itu harus sesuai sama bds ya?",netral
Tue Dec 26 08:04:13 +0000 2023,"Yuk dukung produk lokal yang sebelumnya terkena boikot, karena banyak yang dirugikan akibat boikot yang tidak tepat.",netral
Tue Dec 26 08:04:13 +0000 2023,"Akhirnya udah dukung semua produk isriwil boikot kaya mcd,kfc,burger king, dunkin, pizza, rinso, sunlight",positif
Tue Dec 26 08:04:13 +0000 2023,"Untung ga gampang ke makan sama hoax. Apalagi aqua jelas banget mendukung palestina. Stop boikot aqua",negatif
Tue Dec 26 08:04:13 +0000 2023,"Yupi boleh nggak sih apa termasuk produk boikot juga ya ??",netral
Tue Dec 26 08:04:13 +0000 2023,"Setuju pol buat dukung boikot produk zionis",positif
Tue Dec 26 08:04:13 +0000 2023,"Yeyyy bisa balik minum Aqua dengan tenang. Yuk stop boikot produk ini",negatif
Tue Dec 26 08:04:13 +0000 2023,"Produk unilever masuk produk boikot ga si?",netral
Tue Dec 26 08:04:13 +0000 2023,"kenapa ga nyari info ya tentang produk yg di boikot, stress bgt mikirin boikot produk yang ga efektif dan malah merugikan",negatif
Tue Dec 26 08:04:13 +0000 2023,"Sudah boikot produk Israel, kek Aqua, McD udah gak bakal kami beli beli lagi walaupun promo",positif
Tue Dec 26 08:04:13 +0000 2023,"Fanta itu produk boikot apa ga?",netral
Tue Dec 26 08:04:13 +0000 2023,"Terkadang udah boikot produk.. Tp kadang ya msh beli soalnya blm Nemu penggantinya",netral
Tue Dec 26 08:04:13 +0000 2023,"Boikot Starbucks ganti kopi kenangan dan kopi Nusantara, cintai produk dalam negeri anti penjajahan ğŸ˜€",positif
Tue Dec 26 08:04:13 +0000 2023,"akhirnya terkuak fakta kalo aqua dukung palestina jadi kan ga perlu boikot produk nya deh",negatif
Tue Dec 26 08:04:13 +0000 2023,"Semangat boikot McD dan kfc gaes. Lagian banyak kok produk lokal yang setara",positif
Tue Dec 26 08:04:13 +0000 2023,"SAH aqua bukan produk boikot, jgn percaya hoax lagi ya",negatif
Tue Dec 26 08:04:13 +0000 2023,"Yok gas terus dukung boikot, jangan lupa boikot Dunkin Donat yah guys...",positif
Tue Dec 26 08:04:13 +0000 2023,"Gw masih sering beli aqua, kan di list gada ya? Jadi gw fifty2 aja lahğŸ˜",netral
Tue Dec 26 08:04:13 +0000 2023,"Mari boikot Israel melalui produk produknya yg ada di NKRI !!!",positif
Tue Dec 26 08:04:13 +0000 2023,"Aqua tuh produk lokal made in indonesia lhoh, ngapain juga kalian boikot, ga ada bukti valid kalau pro ke isriwil",negatif
Tue Dec 26 08:04:13 +0000 2023,"Yok gas boikot McD, kfc jgn kasih kendor.",positif
Tue Dec 26 08:04:13 +0000 2023,"Susah bgt mau ganti produk sehari-hari yg kena boikot, dahlah gw ga ikutan tuh boikot",negatif
Tue Dec 26 08:04:13 +0000 2023,"Sebagai orang yg tau starbucks itu ga enak, dan boikot aqua. Saya ga punya hak juga buat ngelarang orang orang pake produk ini siapapun mereka. Ngasih tau aja sekali, tapi kalo tetep pake yaudah.",netral
Tue Dec 26 08:04:13 +0000 2023,"Kalo ga bisa ganti produknya si gapapa sambil ikhtiar cari penggantinya. Klo gw si gamau ribet dan males boikot yg susah cari gantinya",negatif
Tue Dec 26 08:04:13 +0000 2023,"Kebutuhan sehari-hari banyak yg dari produk boikot, tapi biarin aja aku tetep pake, disini gak ngaruh apa2",negatif
Tue Dec 26 08:04:13 +0000 2023,"Semangat saudaraÂ² yang peduli dengan kemanusiaan. Tetep boikot produk israel @McDonalds_ID, @SbuxIndonesia.",positif
Tue Dec 26 08:04:13 +0000 2023,"Saya ga peduli tuh sama konflik israel palestine, dan ga ikut2an boikot produk apapun. Beda sama orng yg teriak peduli palestine sambil boikat boikot tapi tetep jadi donatur. Sungguh hiprokit ğŸ¤£",negatif
Tue Dec 26 08:04:13 +0000 2023,"boikot ini kesadaran pribadi mba gausa sok ngatur gw deh. Krn gw juga punya pendapat sendiri!!!",negatif
Tue Dec 26 08:04:13 +0000 2023,"orang yg beli starbuck atau aqua belum tentu dukung israel jadi jangan fitnah mereka dukung israel, siapa aja boleh dukung palestina dgn caranya sendiri tapi jangan maksa orang boikot produk tertentu",netral
Tue Dec 26 08:04:13 +0000 2023,"Bener-bener gak paham sama gerakan boikot beginian. Produk-produknya kan buatan Indonesia semua.",netral
Tue Dec 26 08:04:13 +0000 2023,"Sebenarnya bagus bgt kalo mau jadi kaum militan soal boikot produk Israel. Tapi tetep harus mempertimbangkan fungsionalnya juga.",netral
Tue Dec 26 08:04:13 +0000 2023,"Yok gas boikot, ganti ke produk lokal Indonesia.",positif
Tue Dec 26 08:04:13 +0000 2023,"Sejauh ini juga aku ga pernah ikut boikot yg beredar di tiktok apalagi kalo itu produk Indonesia asli",negatif
Tue Dec 26 08:04:13 +0000 2023,"Oreo dan Biskuat Bagian Dari Israel? Yuk selektif Dalam Memilih Produk Pada Gerakan Boikot",netral
Tue Dec 26 08:04:13 +0000 2023,"Sebagai warning juga kepada perusahaan2 itu untuk tidak memberikan support ke penjajah zionis. Efek samping dari boikot itu ya UMKM dan produk lokal lainnya yang serupa bisa lebih naik.",positif
Tue Dec 26 08:04:13 +0000 2023,"Boikot tuh bukan soal agama tapi soal KEMANUSIAAN!! ayo terus boikot idol idol yang mengkonsumsi produk produk boikot dan terus boikot produk yang masuk ke dalam daftar produk boikot!!! Idol kalian enak bisa makan, tidur, dan istirahat dengan tenang!!",positif
Tue Dec 26 08:04:13 +0000 2023,"Oh iy produk boikot ky MCD itu ga berafiliasi sama israel sama sekali n msh bnyk produk israel yg dipake kyk pesawat tempur tp kalian ga boikot kn?",netral
Tue Dec 26 08:04:13 +0000 2023,"Gw bingung yg dharepin dr boikot tu apa? Zionis keabisan duit?? Kaga mungkin slm amrika msh cetak dollar! lo mw  boikot ya silakan, orng mw minum makan mcd silakan,klian msh pk  produk  amerika tp nyerang orang yg knsumsi starbuck ya t*l*l!",negatif
Tue Dec 26 08:04:13 +0000 2023,"Klo gw juga mau makan apaan kek produk boikot gw gak peduli tapi ya keep it private aja lah. jangan kayak org tone deaf gitu. ğŸ˜…",negatif
Tue Dec 26 08:04:13 +0000 2023,"Apa akan ada PHK besar2an terhadap para karyawan produk yg kena boikot saat sales mereka minus?",netral
Tue Dec 26 08:04:13 +0000 2023,"Bakal kecewa bgt sih kalo mereka terlibat sama produk boikot :(",negatif
Tue Dec 26 08:04:13 +0000 2023,"Akibat boikot produk zionis, produk lokal berkembang cerah.",positif
Tue Dec 26 08:04:13 +0000 2023,"Saya udh tau list produk yg diboikot tapi gak boikot sb dan mcd gpp kan?",netral
Tue Dec 26 08:04:13 +0000 2023,"Klo udah terlanjur pakai barangnya yaudah dipergunakan aja sampai rusak (laptop/sepatu). boikot disini ditujukan untuk mengingatkan kita agar kedepannya kita tidak lagi membeli/mengonsumsi produk-produk tersebut. makasiii cmiiwğŸ™ğŸ™ğŸ™",netral
Tue Dec 26 08:04:13 +0000 2023,"Setuju banget boikot starbuck. Tp tau ga bang knp produk umkm ngegaji karyawannya di bawah UMR? itu karna mereka kalah saing sm produk luar itu jd pendapatannya sedikit.",positif
Tue Dec 26 08:04:13 +0000 2023,"Minum produk apapun preferensi pribadi, klo boikot boikot sendiri aja jangan maksa ya man teman",netral
Tue Dec 26 08:04:13 +0000 2023,"Boikot tuh efektif untuk mendorong produk UMKM lokal. Kapan lagi produk UMKM bisa bersaing dengan waralaba yg udh skala internasional.",positif
Tue Dec 26 08:04:13 +0000 2023,"aku liat di bds kayanya produk sunlight ga masuk boikot",negatif
Tue Dec 26 08:04:13 +0000 2023,"cara yg bisa dilakukan ya gausah beli produknya, real boikot walaupun se bagus apapun itu produk colabnya.",positif
Tue Dec 26 08:04:13 +0000 2023,"Adanya aksi boikot di Indonesia tuh dampaknya ke Israel apa ya kak?",netral
Tue Dec 26 08:04:13 +0000 2023,"Buat gua justru boikot ini nyelametin dompet banget & bikin melek produk lokal yg sama bagus dan lebih terjangkau. Lu mau ngebacot apa gua gak peduliğŸ¤£ğŸ¤£",positif
Tue Dec 26 08:04:13 +0000 2023,"Boikot itu gak sesederhana yg kau pikirkan. Misalnya produk A diboikot padahal pabriknya juga ada di Indonesia...klo itu terjadi berarti akan ada PHK besar-besaran...trus kamu bisa gak nampung untuk kasih kerjaan...mikir...",negatif
Tue Dec 26 08:04:13 +0000 2023,"Banned aja itu zionis, tetap Boikot produk pro zionis kaya McD, kfc",positif
Tue Dec 26 08:04:13 +0000 2023,"sampai sekarang saya tidak menemukan produk sbux mcd kfc dll mendukung isriwil, emang udah ada fakta ya??",negatif
Tue Dec 26 08:04:13 +0000 2023,"Biasanya pake royco. Tp karna masuk list boikot, jadi sorry to say gw boikot tuh produk",positif
Tue Dec 26 08:04:13 +0000 2023,"Gw jg tetep make produk Israel  terlepas dri boikot2 itu. Karna gw emg ngerasa cocok dan worth it",negatif
Tue Dec 26 08:04:13 +0000 2023,"Kalian ga mikir berapa  ribu orang Indonesia  akan kehilangan mata pencaharian dr produk yg kalian boikot. Mikir gaaa ???? Udah gausa boikot boikot kasian tauuu",negatif
Tue Dec 26 08:04:13 +0000 2023,"Alhamdulillah tetep semangat boikot, sebel bgt klo ngeliat temen sendiri masih mengkonsumsi produk boikot padahal udh tau itu lagi diboikotğŸ˜¤",positif
Tue Dec 26 08:04:13 +0000 2023,"ternyata ada fatwa MUI ya soal boikot produk. utk skincare make up dan body-hair-personal care sih gak repot krn udah setahun hijrah pake oriflame.",positif
Tue Dec 26 08:04:13 +0000 2023,"Sekarang pake masako karena yang sebelah di boikot",negatif
Tue Dec 26 08:04:13 +0000 2023,"balik lagi boikot enggak itu hak pribadi kak. jangan dihakimi juga buat yang belum bisa boikot total, selagi pendirian kuat gak akan terpengaruh ajakan pake produk. kalau kamu udah bs total boikot itu bagus, kampanye mulai dengan cara halus",netral
Tue Dec 26 08:04:13 +0000 2023,"Ijin nanya, kalo boikot gitu tuh emang ngaruh yaa bcz imo kalo cuma boikot mcd dll tapi kitanya masih main instagram dan aku mikirnya kasian juga yang kerja juga pasti nanti terkena dampaknya, nahh itu gimana ya nder jujur aku kurang paham tentang ini...",netral
Tue Dec 26 08:04:13 +0000 2023,"Yang ga mau ikut boikot malah lebih maksa daripada yang ikut boikot. At least yang ngajak boikot alasannya kuat. Yang ngajak ga boikot alasannya dibuat-buat.",netral
Tue Dec 26 08:04:13 +0000 2023,"dulu royco, trs kena boikot kan dia(?) yaudah gw mundur Krn demi kemanusiaan",positif
Tue Dec 26 08:04:13 +0000 2023,"gabisa boikot mereka... gue mau boikot produk nya aja yg collab sm produk zionis ğŸ˜ maaf. .",negatif
Tue Dec 26 08:04:13 +0000 2023,"Dimana sih list produk boikot mau belanja bulanan",netral
Tue Dec 26 08:04:13 +0000 2023,"Guys harus tetap boikot produk atau komoditas yg berafiliasi dengan Zionis Israel ya! FYI bahwa setiap harinya Zionis Israel harus mengeluarkan anggaran sebanyak $260 Juta.",positif
Tue Dec 26 08:04:13 +0000 2023,"Tetap semangat boikot produk zionis n gerombolannya Tetap berdoa demi kebaikan dan kemuliaan rakyat Palestina",positif
Tue Dec 26 08:04:13 +0000 2023,"Aqua itu Pro Palestina jadi gak perlu takut-takut lagi untuk mengkonsumsi sehari-hari Aqua dimanapun kita berada, gak zamannya boikot produknya Danone ğŸ™‚ğŸ‘ŒğŸ™ yuk jangan boikot produk aqua",negatif
Tue Dec 26 08:04:13 +0000 2023,"Bersyukur bgt aqua kaga kena boikot wkwkw",netral
Tue Dec 26 08:04:13 +0000 2023,"Faktanya  Aqua itu Pro Palestina jadi gak ada lagi alasan untuk boikot produknya Danone justru sebaliknya harus semangat untuk terus konsumsi dan sebarkan informasi ini ke masyarakat luas agar tidak terjebak di hoax ataupun fitnah ğŸ™‚ğŸ‘ŒğŸ™ jgn boikot ini produk ya",negatif
Tue Dec 26 08:04:13 +0000 2023,"Akhirnya Saham Unilever Tertekan di Tengah Aksi Boikot Produk Pro-Israel. Gas tetep boikot yah temen temen",positif
Tue Dec 26 08:04:13 +0000 2023,"hokben tuh produk yang di boikot juga ga si?",netral
Tue Dec 26 08:04:13 +0000 2023,"Burger king tuh enak loh patty nya juga juicy gendut-gendut Mereka juga bukan produk yg masuk boikot kan yah?",netral
Tue Dec 26 08:04:13 +0000 2023,"Semangat terus mengikuti aksi boikot produk Zionis. Jangan kasi kendor sebelum Palestina terbebas dari penjajahan Teroris Zionis..",positif
Tue Dec 26 08:04:13 +0000 2023,"Bimbang bgt mau konsumsi Aqua lagi apa enggak. Habis liat faktanya makin yakin, gak akan gue boikot. Emang harus hatiÂ² sama hoax, jgn sampe percaya",negatif
Tue Dec 26 08:04:13 +0000 2023,"Keren gais, adanya aksi boikot ini malah menjadikan UMKM yang ga pernah dilirik jadi alternatif loh",positif
Tue Dec 26 08:04:13 +0000 2023,"Domino pizza tuh aman ga ya?",netral
Tue Dec 26 08:04:13 +0000 2023,"Yok boikot produk zionis!!! Konsisten yok Bikin mereka kalah sekalah-kalahnyaaa!!!!",positif
Tue Dec 26 08:04:13 +0000 2023,"Percuma kata gue mah lu pada boikot produk kalo omongan sikap ketikan lu pada persis mirip bgt zionis",negatif
Tue Dec 26 08:04:13 +0000 2023,"Boikot atau ga boikot terasa sama. Tapi krn skrg udah paham ke depannya sepertinya ga beli nih produk lagi deh..",positif
Tue Dec 26 08:04:13 +0000 2023,"Gmn kak, yg sudh beli produknya? sudah tdk bisa d konsumsi lagi?",netral
Tue Dec 26 08:04:13 +0000 2023,"Akhirnya yang benar bahwa Aqua itu Pro Palestina jadi tidak ada gunanya lagi ikut-ikutan untuk boikot produknya Danone. Makin bijak dan berhati-hati agar tidak ikutan nyebarin fitnah soal AquağŸ‘ŒğŸ™",negatif
Tue Dec 26 08:04:13 +0000 2023,"Aksi boikot semakin membesar usai Majelis Ulama Indonesia (MUI) mengeluarkan fatwa haram membeli produk dari produsen yang nyata",positif
Tue Dec 26 08:04:13 +0000 2023,"MENURUT SAYA BOIKOT BUKAN SOLUSI!!! Soalnya dari aksi ini banyak karyawan yang di PHK. Apa ga kasian kalian semua sm saudara se tanah air",negatif
Tue Dec 26 08:04:13 +0000 2023,"Sejak dl yg namanya boikot itu g ada bangkrutin perusahaan, boikot itu simbol perlawanan tanpa kekerasan yg bisa dilakukan org awam. Yuk semangat boikot",positif
Tue Dec 26 08:04:13 +0000 2023,"aku mikirnya malah ntar kalo di boikot cth mcd, ntar penghasilan mereka turun terus akhirnya mecat pegawainya. Ya sebaiknya gausah boikot boikot lah ya",negatif
Tue Dec 26 08:04:13 +0000 2023,"Valid ga sumber infonya kalo HokBen tuh di boikot?",netral
Tue Dec 26 08:04:13 +0000 2023,"Boikot ini, kira2 akan pngaruh sama pekerja yg ada di indo ga?? kyk nambah angka pengangguran mgkn??",netral
Tue Dec 26 08:04:13 +0000 2023,"boikot itu bukan berhenti menggunakan suatu produk, tapi berhenti membelinya sementara",netral
Tue Dec 26 08:04:13 +0000 2023,"please lanjut boikotğŸ™ğŸ» jgn tergiur promo,apa kalian ga punya rasa empati sedikitpun liat saudara2 di PalestineğŸ™ğŸ˜¢.kita cm ganti merek brg aja",positif
Tue Dec 26 08:04:13 +0000 2023,"Aku masih make soalnya produk indofood lebih enak huhu",negatif
Tue Dec 26 08:04:13 +0000 2023,"Sbnrnya gua masih bingung, menurut gua boikot ini bukan brrti kita berhenti memakai tapi lebih menahan diri dulu smntra buat ga beli",netral
Tue Dec 26 08:04:13 +0000 2023,"Alhamdulillah dr hal yg kecil skg sdh menganti beberapa produk yg mendukung zionis semoga terus istiqomah",positif
Tue Dec 26 08:04:13 +0000 2023,"tpi kurang akurat kak.. kan Aqua udh terbukti pro palestina jd jangan asal boikot",negatif
Tue Dec 26 08:04:13 +0000 2023,"indofood pro isriwil juga loh. Tapi banyak barangku yg make produk itu ya sudahlah",negatif
Tue Dec 26 08:04:13 +0000 2023,"Klo A&W tuh masuk boikot ga si?",netral
Tue Dec 26 08:04:13 +0000 2023,"Gua pake odol pepsodent wkwk mau ganti yang lain gak bisaaaa soalnya udh cocok",negatif
Tue Dec 26 08:04:13 +0000 2023,"Tetap istiqomah boikot gess demi kemanusiaan",positif
Tue Dec 26 08:04:13 +0000 2023,"Info pengganti Del Monte yg lebih enak apa ya?",netral
Tue Dec 26 08:04:13 +0000 2023,"Gapapa kita tetep beli kalau kita susah melepasnya?ğŸ˜­",netral
Tue Dec 26 08:04:13 +0000 2023,"Aku udh stop makan IndomieğŸ—¿ Skrng ganti ke produk lokalğŸ˜‚ğŸ¤£",positif
Tue Dec 26 08:04:13 +0000 2023,"Ikut aksi boikot ini udah dari bberapa bulan yang lalu, tapi tiap ke supermarket terus liat orangÂ² msih pada beli produkÂ² yang katanya diboikot",positif
Tue Dec 26 08:04:13 +0000 2023,"Apasih boikot terus gada manfaatnya juga",negatif
Tue Dec 26 08:04:13 +0000 2023,"memang knp sih kalo kita makan atau minum buatan israel kan gk ada yah setau aku heheheğŸ˜",negatif
Tue Dec 26 08:04:13 +0000 2023,"klo terlanjur beli produk yg diboikot (sblmnya kita ga tau klo produk itu termasuk produk boikot) gapapa kan?",netral
Tue Dec 26 08:04:13 +0000 2023,"Alhamdulillah produk yang pro isriwil kebanyakan aku emang gapake, jadi gaterlalu susahğŸ˜ tp ada beberap si, cuss langsung ganti",positif
Tue Dec 26 08:04:13 +0000 2023,"Trus gimana buat para pejuang nafkah yg bekerja di unilever?",netral
Tue Dec 26 08:04:13 +0000 2023,"udh setahun boikot ğŸ˜‚ğŸ˜‚ jadi pas restok awal bulan dah apal bnget produk2 nya",positif
Tue Dec 26 08:04:13 +0000 2023,"kalo saya sih ga liat itu yg cocok yaa gue pake",negatif
Tue Dec 26 08:04:13 +0000 2023,"Sekuat tenaga nahan gak lirik produk yg di boikot padahal lagi diskon semua, ya Krn gw lagi dukung bgt nih boikot",positif
Tue Dec 26 08:04:13 +0000 2023,"Gw menolak boikot klo tapi tetep nongkrong disitu.. kalo gw jadi temen lo bakal gw ceng in juga sih... kyk lo boikot tapi masih disitu nanggung amat..",negatif
Tue Dec 26 08:04:13 +0000 2023,"kemarinnn guee harga vaselinee potongannya gedee bgtt cuyğŸ˜­ğŸ˜­ menahan diri untuk tidak membeliiğŸ˜­kmrn gw peduli kemanusiaan",positif
Tue Dec 26 08:04:13 +0000 2023,"gue sih gak ikut acara boikot2 soalnya masih butuh cuy",negatif
Tue Dec 26 08:04:13 +0000 2023,"Krn Deket rumah cm ada McD, kfc, burger king lagi banyak promo. Ya udah gw beli aja dah haha lumayan",negatif
Tue Dec 26 08:04:13 +0000 2023,"gak ada produk yg diboikot. yg dimksud MUI itu aksi membela israel bukan produknya",netral
Tue Dec 26 08:04:13 +0000 2023,"skrg lagi dukung boikot produk.. udh konsisten beli barang yg nggk ad Unilever nya",positif
Tue Dec 26 08:04:13 +0000 2023,"gara2 ngecekin list produk yg diboikot gw jadi semakin tau kalo produk lokal juga ga kalah bagus",positif
Tue Dec 26 08:04:13 +0000 2023,"makanya gue gak mau ikut boikot yang lain, krna lu masih pake yang lain juga",negatif
Tue Dec 26 08:04:13 +0000 2023,"kalo ngabisin stok gapapa kan? mau dibuang takut mubazir",netral
Tue Dec 26 08:04:13 +0000 2023,"kalo warung kecil yg udh terlanjur stok gimana? apakah harus di buang? atau habisin stok dulu, abis itu jangan re-stok lagi?",netral
Tue Dec 26 08:04:13 +0000 2023,"Emg le minerale beneran pro Israel?",netral
Tue Dec 26 08:04:13 +0000 2023,"alhamdulillah dikit2 dah bisa ganti brg2 produk yg ono demi dukung boikot",positif
Tue Dec 26 08:04:13 +0000 2023,"Saking gedegnya ampe ngskip klo ada orang yg koar2 boikot, pdhal itu hak setiap orang malah pda maksa. Kalo gw pribadi ya ga ikut dukung si soalnya banyak ruginya",negatif
Tue Dec 26 08:04:13 +0000 2023,"udah terlanjur stok boleh di abisin dulu gak si?",netral
Tue Dec 26 08:04:13 +0000 2023,"mending lokal aja..banyak yg jauh lebih enak..lebih murah..saatnya produk lokal meroket ğŸ¥°ğŸ¥°",positif
Tue Dec 26 08:04:13 +0000 2023,"Krn ortuku dukung boikot, barang yg diboikot langsung di catat dong biar nantinya ga dibeli lagi",positif
Tue Dec 26 08:04:13 +0000 2023,"Gw blm bisa meninggalkan mcd hehe soalnya tempatnya tuh pas buat begadang nugas",negatif
Tue Dec 26 08:04:13 +0000 2023,"Sumber dari mana ya kalo nestle tuh produk boikot?",netral
Tue Dec 26 08:04:13 +0000 2023,"Boikot tuh hnya beberp wktu, krna perusahaan besar psti punya dana darurat. Jd untk phk tdk akan dlm wktu dkt",negatif
Tue Dec 26 08:04:13 +0000 2023,"Alhamdulillah udh konsisten ngedukung boikotğŸ˜­",positif
Tue Dec 26 08:04:13 +0000 2023,"Mau boikot gak boikot itu terserah diri sendiri, kita gak 100% suci coi, gak usah sok2an anggap orng yg gak boikot suatu produk itu dajjal",netral
Tue Dec 26 08:04:13 +0000 2023,"Boleh sih boikot kan bebas, tapi harus ada solusi kalau ada dampak negatifnya",netral
Tue Dec 26 08:04:13 +0000 2023,"Prinsip gw buat ngedukung boikot tuh yang penting kita mengurangi pemakaian produk2 pro Israel tersebut, misal tadinya pake 10 produk bisa dikurangi jadi 5 produk",positif
Tue Dec 26 08:04:13 +0000 2023,"Aku masih ragu mending gk usah boikot segala macem",negatif
Tue Dec 26 08:04:13 +0000 2023,"Walaupun tidak bisa berdonasi ..tapi aku berhenti pake produk unilever. Yok dukung boikot semuanya",positif
Tue Dec 26 08:04:13 +0000 2023,"unilever tuh masuk list produk boikot ga?",netral
Tue Dec 26 08:04:13 +0000 2023,"Sudah di ganti produk lokal,sedang beradaptasi dengan Masako,bismillah dukung boikot..",positif
Tue Dec 26 08:04:13 +0000 2023,"Cape banget masalah boikot ini... Emang ngaruh bgt? Bukannya malah ngerugiin ya? Hadeh",negatif
Tue Dec 26 08:04:13 +0000 2023,"Ya Allah aku mau ngabisin dulu yang ada biar ga mubazir ,next ganti produk soalnya mau ngedukung boikot ğŸ¥º",positif
Tue Dec 26 08:04:13 +0000 2023,"Tergantung mindset nya ya, kalo yang gak mau boikot ya boleh, kalo mau boikot ya boleh",netral
Tue Dec 26 08:04:13 +0000 2023,"Aku tetep beli McD soalnya enak dan kadang banyak promo",negatif
Tue Dec 26 08:04:13 +0000 2023,"Yok boikot ya soalnya efek boikot produk pro Israel di banyak negara bikin penjualan McDonald's merosot. Pertumbuhannya anjlok 4 kuartal berturut-turut loh",positif
Tue Dec 26 08:04:13 +0000 2023,"ini boikot kok makin lama makin meresahkan ya.",negatif
Tue Dec 26 08:04:13 +0000 2023,"Penjualan McDonald's di banyak negara sebagai dampak dari boikot terhadap produk pro-Israel tuh gmn infonya?",netral