created_at,full_text,Sentimen
Thu Dec 28 10:35:18 +0000 2023,tanyarl ternyata dunkin sampe buat donat israHELL tetap semangat boikot produk yang mendukung israHELL! https://t.co/FH68VSdAYN,Netral
Wed Jun 05 06:16:04 +0000 2024,STARBUCK DIGANTI NAMA VISTA COFFEE PIZZA HUNT DIGANTI NAMA JADI RISTORANTE TETAP BOIKOT PRODUK PRO ZIONIS ISRAIHELL https://t.co/cglUpp2zYQ,Netral
Sat Jun 08 03:55:30 +0000 2024,Padahal lebih banyak cara untuk ajakan boikot yang lebih simpatik dan tidak mengganggu privacy orang lain. Konsumen produk yg mungkin diboikot adalah berhak apa dia bayar tidak sepantasnya kita menyerangnya krn perbedaan prinsip ttg Palestina. https://t.co/D6ZA3LgOEf https://t.co/D25yi8ihVi,Netral
Fri Jun 07 00:13:35 +0000 2024,Masih semangat Boikot produk Zionis dan yang terafiliasi.. salah satu cara keberpihakan kita sama penderitaan dan.perjuangan saudara kita di Palestina https://t.co/Fb6ELKvhme,Netral
Sat Nov 11 13:46:18 +0000 2023, ternyata udah ada fatwa MUI ya soal boikot produk. utk skincare make up dan body-hair-personal care sih gak repot krn udah setahun hijrah pake oriflame. yg agak peer nih makanan https://t.co/04rJYHoRCq,Netral
Sat Feb 24 11:13:57 +0000 2024,Calon wapres pemilu kita yg 8 bulan lagi kemungkinan besar dilantik. Beliau Makai botol plastik dan produk boikot https://t.co/OpXKChOJgk,Netral
Fri Jun 14 11:41:18 +0000 2024,Ayo teruskan boikot produk Zionis demi keadilan dan perdamaian #TerusBoikotIsrael https://t.co/WO5gAb5AuC,Netral
Tue Nov 14 13:13:39 +0000 2023,Guys masih tetap boikot produk atau komoditas yg berafiliasi dengan Zionis Israel kan? FYI bahwa setiap harinya Zionis Israel harus mengeluarkan anggaran sebanyak $260 Juta. Artinya sampai hari ini mereka sudah mengeluarkan anggaran sebesar $10 14 Milyar. Belum lagi mereka https://t.co/kfliPPVzVb,Netral
Wed Jun 05 14:07:51 +0000 2024,Segala bentuk penjajahan di atas muka bumi harus dihapuskan termaktub dalam pembukaan UUD 1945. Maka menentang penjajahan zionis di tanah palestina menjadi kewajiban kita semua dengan cara dan bentuk apapun yg kita bisa. Salah satunya dengan perjuangan boikot brand/produk https://t.co/YoGL0z3Us5,Netral
Mon Jan 08 12:00:12 +0000 2024,tanyarl astaghfirullah israHELL buat mainan bayi kaya gini israHELL BIADAB tetap semangat boikot produk israHELL!!!!! https://t.co/tXLKIUGrqo,Netral
Sat Jun 08 05:19:19 +0000 2024,Aksi para pendukung palestina di Makasar Mereka menyambangi sebuah gerai kopi di jln AP Pettarani Makassar dan mengajak para pengunjung melakukan boikot produk yg terafiliasi isra El Jumat 06.06.24 https://t.co/iiMyCaPyau,Netral
Fri Jun 07 09:59:44 +0000 2024,Tetap boikot produk yang terafiliasi dengan teroris haram jadah zionis Israel. Dimulai dari saya dulu. #FreePalestine #StopGazaGenocide‚Äå sabrina Plaza Indonesia Asian Value Total Politik Tubruk Pandji Muhammadiyah. https://t.co/AV9WorAmjz,Netral
Fri Nov 10 04:47:35 +0000 2023, Berasa bangga ama Aurora pas ngestalk insta nya jarang¬≤ artis luar terutama barat yang terang¬≤ an menyuarakan Pllestin ampe ikut¬≤ an boikot produk pro israhell. Kuy dengerin lagu¬≤nya bagus banget buat yang suka ovt https://t.co/NEzufSG3ke,Positif
Sat Jun 08 10:15:50 +0000 2024,DAMPAK BOIKOT PRODUK PENDUKUNG ISRAHELL DI SELURUH DUNIA SUNGGUH LUAR BIASA‚ÄºÔ∏è https://t.co/H9knFikbJn,Netral
Sun Jun 09 07:45:32 +0000 2024,BUTUH 50 RESPONDEN LAGI!! YUK LUR BANTU ISI Jika kamu: 1. Melakukan pembelian dan konsumsi produk Unilever minimal satu kali sebelum 7 Oktober 2023. 2.¬†Melakukan boikot produk Unilever setelah 7 Oktober 2023. 3. Telah melihat atau membaca berita tentang konflik (cont..) https://t.co/MWI7pzSpJq,Netral
Wed May 29 22:50:00 +0000 2024, cw // kpop genos*de z1onist Sok siapa lagi artis yg terang2an pake/endorse produk israhell? Spill di komen biar yg lain pada tau. Kita boikot rame2!! üáµüá∏ https://t.co/0Bf9t1M3Pp,Netral
Sun Jun 09 23:20:41 +0000 2024,Boikot itu artinya : kamu tidak membeli produk yg diboikot. Bukannya malah : memukuli orang lain yg tidak memboikot produk tersebut. Dan lagi apa faedahnya mukulin saudara sebangsa setanah air yg cuman minum kopi demi membela bangsa asing ?? https://t.co/yrH7imdpf1,Netral
Sat Jun 08 15:32:13 +0000 2024,Aksi Bela Palestina di Bandung dan Jakarta Massa Ajak Boikot Produk Israel Kebiadaban Israel terhadap Palestina mengundang simpati ribuan warga Bandung dan Jakarta untuk menyerukan kemerdekaan pada Pelestina. Dalam aksi tersebut massa juga meminta pada warga Indonesia untuk https://t.co/HfrWNWBlZh,Netral
Tue Jun 11 01:05:29 +0000 2024,Boikot gak ngaruh? NGARUH Seumur-umur baru kali ini dapat WA-blast dari bank eh isinya info diskon produk boikot. Diskon hampir separuh harga dalam dua hari selama sepekan. Bener-bener niat cari pelanggan ini mah. https://t.co/qlbkcuYFqp,Netral
Fri Mar 15 06:14:12 +0000 2024,Yg biasa mampir di kopi kenangan sebaiknya di re kondisikan deeh Gw sekali waktu di semarang sama ayank minum kopi kenangan Coba cek juga produk dibawah ini Lanjut boikot produk2 yg Berafili dgn Zionis ya gesss... https://t.co/umV0ZwroUI,Netral
Wed Jun 12 21:08:42 +0000 2024,Tetap boikot produk pendukung genosida yang terafiliasi dgn teroris zionis Israel kalau bisa tinggalkan untuk selama-lamanya. Sarwendah Syifa Ruben Harun Masiku Anang BABY MONSTER LPDP SNBT. https://t.co/ba5S2SyNaC,Netral
Wed Nov 15 18:19:27 +0000 2023,Jika boikot produk atau komoditas yg berafiliasi dengan Zionis Israel dan negara-negara sekutunya itu tidak berpengaruh apa-apa mengapa mereka: 1. Mendadak klarifikasi 2. Mendadak 'peduli dan donasi'. 3. Mendadak mengubah desain kemasan tema dll yg lebih 'ramah Palestina'.,Netral
Tue Jun 11 14:24:14 +0000 2024,Thank you the Chinese government and the Chinese people for providing support to Gaza Palestine üáµüá∏ Jangan mau diadu domba Yaman dan China oleh politik mamarika yg ada disini Tetap boikot produk mamarika https://t.co/3BMJrug2wg,Netral
Fri Jun 14 05:55:48 +0000 2024,Hapalkan baik-baik. Kita #Boikot produk-produk ini bersama-sama Ô∏èüáµüá∏ #TerusBoikotIsrael https://t.co/q5FJr9DKRK,Netral
Sat Jun 01 04:53:40 +0000 2024,BOIKOT JKT48 bekerjasama dengan brand pro isri-wil ini beberapa screenshot dari member dan fanbase mereka yang masih promosiin produk pro isri-wil. KEEP BOYCOTTING TANPA PILIH-PILIH - star https://t.co/YRk70QMvyG,Netral
Sat Jun 08 10:25:33 +0000 2024,KAMMI Bandung Serukan Lagi Aksi Boikot Produk Pro Zionis - https://t.co/YIcPEIZv8Q https://t.co/9K2Y5XH3HI,Netral
Fri Jun 14 09:43:13 +0000 2024,Meskipun gerakan boikot terhadap berbagai produk yang diduga terafiliasi dengan israhelll baru pertama kali terjadi namun jika kita cermati lagi boikot yang terjadi hari ini senada dengan janji kemerdekaan yang tertuang dalam Pembukaan UUD 1945. #TerusBoikotIsrael,Netral
Mon Jun 10 14:27:42 +0000 2024,FRRR. lu mau naikin ht silakan sebanyak banyaknya. tp jangan larang org buat ngehype member itu udh pilihan dia dan lu pd gaada hak buat ngelarang. kecewa lah dll freakkkk urus aja hidup lu sendiri gausah urusin hidup org. boikot produk bukan artis idiot. beneran kesel gua jir,Netral
Mon Jun 10 08:29:55 +0000 2024,menurutku ini salah satu kopi terbaik di daerah ku dan harga nya jauh lebih murah daripada sbux segini aja harga nya 23rb coy makanya daripada kalian beli produk boikot masih ada kok tempat lain yang bahkan jauh lebih enak dan lebih murah. https://t.co/aOq234WJdw,Netral
Wed Jun 05 12:42:59 +0000 2024,Wasekjen MUI: Boikot produk terafiliasi Israel adalah jihad. #boycott https://t.co/cXrWiBgouO,Netral
Fri Jun 07 23:35:58 +0000 2024,@shinchandil ya ini beda. mereka cuma nempel stiker boikot produk. melawan bisnis penyokong zionis. ini pemahamanku ttg boikot. https://t.co/2UfzGD5rau,Netral
Sun Jun 09 07:15:32 +0000 2024,@dearpupies @tanyarlfes Standar ganda apanya sih kak? LV itu gk masuk list BDS tp kalo kamu mau boikot ya silahkan itu hak mu. udah 8 bulan lebih genosida dan kampanye boikot masih banyak yg gangerti. boikot yg efektif itu bukan semua produk diboikot tapi yg terfokus jangka panjang dan masif. https://t.co/tIOjmXtA5u,Netral
Fri Jun 14 06:11:43 +0000 2024,Boikot terhadap produk produk yang memberi dukungan terhadap Isr4el membuat saham perusahaan terus anjlok. Lanjut boikot jangan kasih kendor Ô∏èüáµüá∏ #TerusBoikotIsrael https://t.co/DBt1S8jkkN,Netral
Tue Jun 11 06:53:58 +0000 2024,Otomatis satu lingkungan RT kami di Bojongkulur pun tidak mau pakai produk @OPPOIndonesia lagi. Coba aja di check. Kec Gn putri. Banyak di boikot produk @OPPOIndonesia gara2 di boti Robby Purba ini,Netral
Thu Jun 13 16:05:24 +0000 2024,Tetap Istiqomah dan Lanjutkan Boikot Semua Produk Israel Yahudi Demi Membela Palestina dari GENOSIDA TERORIS ZIONIS YAHUDI. @myputun https://t.co/0X0GvT36SR,Netral
Sat Jun 15 07:09:06 +0000 2024,ùë∑ùíÜùíéùíÜùíìùíäùíèùíïùíÇùíâ Harus Tegas Mengklarifikasi Daftar Produk/Perusahaan Yang Terafiliasi Israel Mencegah Kegaduhan Dalam Masyarakat. ùë±ùíäùíåùíÇ Aksi Boikot Terus Berlarut Semakin Banyak Perusahaan Bangkrut Dan Jutaan Jiwa Di PHK. ùëµùíàùíÇùíèùíàùíàùíñùíì https://t.co/iDCYI89Ti8 https://t.co/O2ZmBPzCoG,Netral
Sat May 25 10:50:35 +0000 2024, Masih bingung antara boikot produk Zionis atau peduli lingkungan guys https://t.co/nTUaHwqMaR,Netral
Thu Jun 13 17:02:03 +0000 2024,Boikot produk-produk setan! Tidak ada kata netral. üáÆüá©Ô∏èüáµüá∏ https://t.co/NSJBgC4jFO,Netral
Fri Jun 07 21:17:04 +0000 2024,Jika boikot terhadap produk yg terafiliasi dengan penjajahan tidak berpengaruh lalu untuk apa segala macam promosi dan discount digencarkan? Tetap jauhi. Jika tak peduli tentang pembantaian dan penjajahan pedulilah tentang kesehatan. Ya kesehatan tubuh kalian. https://t.co/8V1Wu4NQCV,Netral
Sat Apr 06 23:01:47 +0000 2024,tanyarl liat nih idol lokal yg pake produk boikot + melanggar golden rules JKT48 ga member ga staff sama aja tolong kasih edukasi ya ke member dan staff nya juga fansnya jangan tutup mata!! tapi ada juga yg mengedukasi (sender salut) https://t.co/IsfYOr5PXd,Netral
Fri Jun 14 07:13:26 +0000 2024,Mari kita Boikot sama-sama produk Zionis Isr4hell sesuai Fatwa MUI Daftar produk Isr4el yang ada di Indonesia #TerusBoikotIsrael https://t.co/ZSZJQzOhvE,Netral
Sat Jun 08 02:25:00 +0000 2024,Terlepas dari adanya aksi boikot konsumen berhak utk memilih produk apa yg dia mau beli produsen atau penyedia jasa/barang tdk bisa menyalahkan konsumen utk pilihannya itu Byk yg bisa survive dari sejak jaman covid yakin rezeki itu ada dimana2 berdoa &amp; ikhtiar terus ya https://t.co/GzGnY9r9f4,Netral
Fri Jun 14 06:16:53 +0000 2024,Boikot produk-produk setan! Tidak ada kata netral. #TerusBoikotIsrael https://t.co/6esXDwBt99,Netral
Fri May 31 11:26:19 +0000 2024,TW// CW// BOIKOT Hyeri terang an promosiin produk isri-wil &amp; (di ige K F C Korea isinya muka dia semua) &amp; bbrp bulan lalu foto pegang co ca-co la di feeds KEEP BOYCOTTING TANPA PILIH-PILIH -star https://t.co/tZGq1bBn6Z,Netral
Thu Jun 13 04:48:51 +0000 2024,BENER. WORTH IT. JADI mari kita mulai rajin kalo lagi belanja cek barcode dulu pake ini hihii bermanfaat banget buat kita¬≤ yg lg boikot produk isriwil https://t.co/2EWFdPAX9a,Netral
Sat Jun 08 06:17:17 +0000 2024,BUTUH 80 RESPONDEN!! kriteria: 1. Melakukan pembelian produk Unilever minimal 1x sebelum 7 Oktober 2023. 2. boikot produk Unilever setelah 7 Oktober 2023. 3. Membaca berita tentang konflik Israel-Palestina Sender minta tolong isi kuesioner ya!! Reply aja daks https://t.co/oj8rZzrFOZ,Netral
Fri Jun 14 06:16:40 +0000 2024,Tetap semangat boikot produk Isr4el #TerusBoikotIsrael https://t.co/B5UfsCLPhL,Netral
Mon Jun 10 12:15:49 +0000 2024,Bismillah Ada apa dgn anak¬≤ skrng ini Dgn usia mereka yg se muda itu sdh bicara yg tdk baik soal Warga Palestina yg skrng di Genosida Zionis!! Tontonan yg mereka lihat dgn pemberitaan pro &amp; kontranya soal Boikot Produk Israel membuat anak¬≤ ini tak ada rasa empati Miris!! https://t.co/BU8TZuNJsy,Netral
Fri Jun 14 07:19:55 +0000 2024,Video Menarik knp kita harus memboikot barang2 Isr4el!? Mohammed al-Nas pemuda asal Libya mengunggah klip bertema boikot produk pro-Isr4el yg menarik perhatian pengguna medsos. Sebarkan agar semakin banyak org yg sadar knp harus membaikot produk Isr4el!? #TerusBoikotIsrael https://t.co/iVgoUa7rqw,Netral
Thu Jun 13 14:11:35 +0000 2024,Zaman sekarang dah tak valid bad marketing. Sifu mana ajar copywriting ni. Ingat orang kecam dan nampak produk ni takkan beli pun. Siap akan hasut orang lain untuk boikot.,Netral
Fri Jun 14 06:11:31 +0000 2024,Boikot Produk Isr4el dan produk pundukung genosida #TerusBoikotIsrael https://t.co/iBVHp7qTPN,Netral
Wed Jun 12 14:23:48 +0000 2024,tolonng ini bisa bisanya di dalem biskuitnya ada garemnya coba kombinasi baru garam dan coklat inimah Kalo boleh kirim 1 dus buat ganti kepercayaan customermu ini karna produk sebelah boikot https://t.co/mckSACeKW9,Netral
Wed Jun 05 12:27:35 +0000 2024,Kontol bener ya buzzer republik jadiin boikot produk pendukung genosida jadi isu muslim vs non-muslim. Tiap hari bacot tentang toleransi ampe berbusa sekarang genosida pun ditoleransi,Netral
Fri Jun 14 03:24:38 +0000 2024,üáµüá∏ Aktivis Tunisiaüáπüá≥ menyerukan boikot terhadap produk-produk yang mendukung Zionist Yahudi. #GazaGenocide‚Äå #FreePalestineFromZionists #FreePalestine üáµüá∏ https://t.co/wlLquqIvk8,Netral
Fri Jun 14 04:35:40 +0000 2024,Meskipun gerakan boikot terhadap berbagai produk yang diduga terafiliasi dengan Israel baru pertama kali terjadi namun jika kita cermati lagi boikot yang terjadi hari ini senada dengan janji kemerdekaan yang tertuang dalam Pembukaan UUD 1945. #TerusBoikotIsrael,Netral
Fri Jun 14 05:59:34 +0000 2024,Boikot produk-produk Isr4hell dan produk-produk yang mendanai Isr4hell Ô∏èüáµüá∏ #TerusBoikotIsrael https://t.co/kPeLCUIe8w,Netral
Mon Jun 10 08:31:11 +0000 2024,Bismillah Ajakan Boikot Produk Israel di Tanah Air bnyk dilemanya masih bnyk buzzer¬≤ pendukung zionis pd berkeliaran !! Ajakan boikot secara halus salah !! Boikot dgn Aksi demi kesadaran kita jg masih salah !! Pointnya : Kesadaran warga +62 tntng boikot ini sangat kurang !! https://t.co/fTSgCKOhQD,Netral
Fri Jun 14 09:34:37 +0000 2024,aksi boikot produk yang dianggap terafiliasi dengan israhelll masih terus berlanjut #TerusBoikotIsrael,Netral
Fri Jun 07 14:11:53 +0000 2024,Emak-emak Inggris dengan berani mendatangi supermarket besar lalu menempelkan stiker boikot di produk asal Israel dan produk dari perusahaan yang mendukung penjajahan dan genosida Israel atas Palestina. Kalau di Konoha pasti emak-emak ini sudah ada yang nyinyirin... https://t.co/tPEgTu6Kjq,Netral
Tue Jun 11 05:42:08 +0000 2024,Kata siapa mau boikot atau nggak silahkan? Gerakan ini menghujat siapapun yang gak mau baikot. Menghujat siapapun yang menikmati produk yan mereka boikot. Dan sekarang kalian bangga membully Dan mendoxing bocil SMP seolah2 mereka yakin kalau nih bocil gak bisa dididk baik2,Netral
Fri Jun 07 10:06:15 +0000 2024,MENANGGUNG RUGI KARENA BOIKOT KATA SIAPA BOIKOT NGGA NGARUH? AYO BOIKOT TERUS PRODUK ISRAHELL‚ÄºÔ∏è https://t.co/NDH3ozZReo,Netral
Fri Jun 14 11:15:32 +0000 2024,Solidaritas nyata: boikot produk Zionis untuk Palestina #TerusBoikotIsrael https://t.co/V0xupzCgNh,Netral
Mon Jun 10 23:39:41 +0000 2024,Ternyata kaum syi'ah itu hanya gimmick pd konflik di Palestina. Contoh penyerangan Iran di tel afif kemarin itupun gimmick. Jgn tergoda tetap boikot produk pangan negara¬≤ yg terafiliasi isrewel. Assalamu'alaikum sobatku org¬≤ baik. #FreePalestine #FreeGazaRafah Ô∏è https://t.co/ANVC3L42Is,Netral
Fri Jun 14 11:41:08 +0000 2024,Setiap langkah kita penting: boikot produk Zionis untuk keadilan. #TerusBoikotIsrael https://t.co/MUXl6jGRpx,Netral
Fri Jun 14 11:40:38 +0000 2024,Bersatu dalam aksi: boikot produk Zionis sekarang #TerusBoikotIsrael https://t.co/H82JD20zK8,Netral
Fri Jun 14 11:19:44 +0000 2024,Mari bersama-sama boikot produk Zionis demi kemanusiaan #TerusBoikotIsrael https://t.co/4Y26hJe8En,Netral
Fri Jun 14 11:00:56 +0000 2024,Solidaritas untuk Palestina: Boikot produk Zionis dan produk yg pro Isrewel #TerusBoikotIsrael https://t.co/7AopiwrSb8,Netral
Thu Jun 06 01:40:40 +0000 2024,Merujuk pada lembaga dan Organisasi kredibel dalam melakukan aksi boikot agar gerakan boikot lebih fokus dan terhindar dari jebakan penumpang gelap persaingan bisnis Salah satunya dengan perjuangan boikot brand/produk pendukung zionis yg sudah diinfokan oleh @GerakanBDS_ID https://t.co/KCwPT4b69Y,Netral
Sat Jun 08 06:16:33 +0000 2024,BUTUH 80 RESPONDEN!! kriteria: 1. Melakukan pembelian produk Unilever minimal 1x sebelum 7 Oktober 2023. 2. boikot produk Unilever setelah 7 Oktober 2023. 3. Membaca berita tentang konflik Israel-Palestina Sender minta tolong isi kuesioner ya!! Reply aja sdf! https://t.co/iIukaOwCjY,Netral
Thu Jun 13 00:52:39 +0000 2024,Keuntungan dari boikot produk zionis https://t.co/BYJHqmP94L,Netral
Sun Jun 09 00:24:25 +0000 2024,lagian beli produk boikot ,Netral
Thu Jun 13 23:40:18 +0000 2024,Ternyata seruan boikot produk pendukung israel itu berasal dari hamas dan hamas pesek yang berciri salafi Wahabi jodat gosong katok cingkrang dan jenggotan panjang kayak rabbi yahudi,Netral
Fri Jun 14 07:25:30 +0000 2024,iya kan makanya gue agak kesel sama orang yang ngeluh boikotnya banyak blablabla ya kalo gak bisa boikot semua ya ikut list bds aja anjir gue juga belom bisa stop semua produk pro sana tapi ya gue konsisten ngikutin bds karena ini yang paling utama:),Netral
Fri Jun 07 09:11:37 +0000 2024,Boikot Yuk Produk Produk ABC @KraftHeinzCo @CocaCola_ID @MDLZ @Pizza_HutID @pizzahut #Boycott this Produk.. https://t.co/JpaOFHm7qe,Netral
Fri Apr 12 02:52:49 +0000 2024, TW // CW // BOIKOT Tiada hari tanpa artis korea konsumsi produk zio-nist Mbak Hyeri terang an promosiin produk isri-wil sampai photoshoot breng burger K F C &amp; beberapa bulan lalu foto pegang co ca-co la taroh feeds PLEASE KEEP BOYCOTTING EDUCATE TANPA PILIH-PILIH https://t.co/2eHYIMQTo6,Netral
Sat Jun 15 12:19:06 +0000 2024,Prihatin Situasi di Gaza KOSPY Keluarkan 9 Sikap Termasuk Boikot Produk yang Terafiliasi Zionis https://t.co/U8E5YEr3T1 #TempoNasional,Netral
Thu Jun 06 01:07:32 +0000 2024,Saya pergi kebanyakan Mamak tukar produk. Maggi ke Indomie Numee Cintan. Milo ke Myvic. Nescafe ke Indocafe. Tapi ada kedai melayu yang tak ada kesedaran boikot produk Nestle.,Netral
Tue Jun 11 10:53:30 +0000 2024,Pada tau kan arti NAPITER ? Ko 11 12 ya dengan para pendukung Palestina yg boikot produk Israel. Terus main fisik ? Yahhh sama juga kelakuannya sm Hamas teroris. Menyedihkan.,Netral
Sat Jun 15 04:59:14 +0000 2024,Pemerintah harus urun rembuk soal boikot harus ada edukasi agar tak menambah beban ekonomi seperti yg diminta PHRI. Minimal memberikan guideline utk Gerakan sosial yang dilakukan masyarakat. agar tak menjadi liar dan dimanfaatkan untuk kepentingan bisnis https://t.co/bFz4IwiBaS https://t.co/ftO2j4JL9q,Netral
Thu Jun 06 20:07:41 +0000 2024,Wasekjen MUI kobarkan 'Jihad' boikot produk terafiliasi Israel https://t.co/sTNI63ZRqe,Netral
Mon Jun 10 05:52:55 +0000 2024,RESEP LASAGNA TANPA OVEN??Ô∏è ternyata bisa loh bikin lasagna tanpa oven.. dan tanpa pake produk boikot juga tentunya. simple enak puas! YUMMERS https://t.co/020JgsMcDQ,Netral
Fri Jun 07 12:52:43 +0000 2024,Sekali lagi gw berharap semoga informasi MUI mau bikin fatwa mempromosikan atau jadi BA produk terafiliasi Israel hukumnya haram bukan cuma jadi desas desus doang semoga aja beneran jadi kenyataan Jangan sampai nantinya gerakan boikot untuk melemahkan Israel justru melemah https://t.co/PiaoroMlIc,Netral
Fri Jun 14 14:34:30 +0000 2024,Pemerintah harus urun rembuk soal boikot harus ada edukasi agar tak menambah beban ekonomi seperti yg diminta PHRI. Minimal memberikan guideline utk Gerakan sosial yang dilakukan masyarakat. agar tak menjadi liar dan dimanfaatkan untuk kepentingan bisnis. https://t.co/rlO9wZU4Vy https://t.co/Ie96hBKlyO,Netral
Sat Jun 08 12:46:10 +0000 2024,Lho ada produk boikot si PEPSI ,Netral
Fri Jun 14 11:06:06 +0000 2024,Ulama yang juga dai kondang ini gigih dalam aksi boikot produk Israel. 2013 pernah dicalonkan menjadi wakil walikota Makassar dan Kini Partai politik meliriknya untuk dicalonkan menjadi walikota Makassar. Saksikan One on One bersama Tysa Novenny malam ini pkl 20.00 WIB di https://t.co/azFN6VY7T7,Netral
Sun Jun 09 15:28:32 +0000 2024,Massa Serukan Aksi Boikot Produk Terafiliasi Zionis - Sindo Sore 09/06 https://t.co/DFIlv0yL8V,Netral
Fri Jun 14 00:15:32 +0000 2024,Jujur aku dari dulu hampir ga pernah beli produk yg ada di target boikot itu karena selain pertimbangan harga lokasinya jg lumayan jauh dr rumah ((mager)). Pernah tp bukan yg terus2an. Hamdalah di daerah rumah tuh banyak penjual makanan kayak yg target boikot dan lebih enak.,Netral
Sat Nov 11 00:36:31 +0000 2023,Postingan saya tentang fatwa boikot produk Israhell dari MUI di semua medsos saya langsung diserang Buzzer Z10N1S. Komen selain maki2 juga banyak yg komen ayo tinggalkan IG FB klo ceramah ke luar kota atau umroh haji jgn naik Boieng dsj. Hehehe...makanya baca fatwa lengkap. MUI,Netral
Thu Jun 13 10:43:12 +0000 2024,Cukup serukan boikot produk gosah ngerusak palagi sampe melukai orang. Dah gitu pengecut mau lari ke Sorong. Hal2 smacem ini dan orang2 anarkis bgini klo dibiarkan bakal picu perpecahan bangsa sndiri.. Ane setuju tindakan aparat cyduk! https://t.co/81h3D9oLqU https://t.co/17M7Ra4E1G,Netral
Sat Jun 08 04:03:20 +0000 2024,@yjunxchoi C0la ga masuk bds Bukan fokus boikot kita Yj setelah banyak yg komen gitu juga terus ganti minumnya ke air putih So. Keknya kita yang perlu diedukasi biar tau produk apa aja yang diboikot https://t.co/cSNVbygWMe,Netral
Sat Jun 15 13:30:00 +0000 2024,Prihatin Situasi di Gaza KOSPY Keluarkan 9 Sikap Termasuk Boikot Produk Terafiliasi Zionis https://t.co/db1XymOUh0,Netral
Sun Jun 09 12:45:30 +0000 2024,Viral Aplikasi No! Thanks untuk Boikot Produk Pro Israel Simak Fakta-faktanya https://t.co/rXJ7Tof2rJ,Netral
Fri Jun 14 09:36:23 +0000 2024,Aksi boikot akan berdampak secara efektif jika penolakan dilakukan terhadap produk impor yang memang didatangkan langsung dari israhelll. #TerusBoikotIsrael,Netral
Sat Jun 15 17:02:02 +0000 2024,Siti nurhaliza hari2 post pasal palestin dekat ig feed and igs dia. Kalau korg beli produk simplysiti pon siti akan derma utk palestin. Kalau korg boikot/block siti how engagement utk palestin nak tersebar luas.,Netral
Fri Jun 07 12:53:22 +0000 2024,Sambil menunggu fatwanya jadi kita yg hanya butiran debu ini jangan sampai terpengaruh kilauan artis kari BA produk pro zionis. Gak perduli artis yg jadi BA nya gerakan boikot harus makin kuat supaya cita2 kita membantu Palestina terasa sampai kesana. Karena dengan memboikot https://t.co/I7ANTNlTsa,Netral
Fri Jun 07 18:28:52 +0000 2024,sekali lagi boikot itu stop beli produk bukan rusuh sana sini goblok,Netral
Fri Jun 14 09:37:27 +0000 2024,aksi boikot akan berdampak secara efektif jika penolakan dilakukan terhadap produk impor yang memang didatangkan langsung dari israhelll. #TerusBoikotIsrael,Netral
Mon Jun 10 04:25:27 +0000 2024,@thvscenez gue tau lu kangen tpi ini masih masa boikot bisa bisanya masih ngehype cuma berlaku untuk dream sementara bias lu yg lain terang terangan promosiin produk zionis https://t.co/pRBpujB3e0,Netral
Mon Jun 10 05:10:39 +0000 2024,Gak mau boikot ya udah mau tetap beli produk IsraelüáÆüá± itu pun hak kalian. Tapi mengolok¬≤ pihak yang anti apalagi sampai bawa¬≤ darah daging &amp; tulang anak Palestina üáµüá∏ itu sih udah keterlaluan. Selamat kalian udah terkenal. Ortu kalian pasti bangga https://t.co/qhOcDP2T6K,Netral
Tue Jun 11 10:22:20 +0000 2024,Aku tetep beli produk @OPPOIndonesia gak terpengaruh sama gak kayak gitu bagi kalian semua yg mau boikot produk OPPO dan mau ganti HP merk lain silahkan HP OPPO yg kamu punya kasih ke saya saja deh.,Netral
Wed Jun 05 17:18:32 +0000 2024,Drun bukan kaleng-kaleng yg menyatakan HAMAS adalah organisasi teroris. Yg bilang adalah 3 negara Islam: Arab Saudi UEA &amp; Mesir. KFC Starbucks McD kalian boikot walaupun banyak warga Indonesia yg bekerja di sana. Gue mau lihat loe punya nyali gak ngedemo ketiga negara tsb? https://t.co/3ZI8aXSpiS,Netral
Fri May 31 15:33:10 +0000 2024,Kasih rating 1.0 untuk KFC Lamnyong yang udah ngetawain kejadian di Palestina. Miris banget guys Orang Aceh wajib boikot kfc Lamnyong!!! #AlleyesonRafah #boikotkfc https://t.co/oAptCWfnpH,Netral
Sun Jun 09 16:14:39 +0000 2024,btw gais ini emang kfc boikot ya karena kfc gaada di list bds /gen https://t.co/uPVAEjjuCQ,Netral
Sun Jun 02 10:01:33 +0000 2024,Dulu boikot kfc sebab size. Tadi pergi dh besar balik ayam dia. Kalau kecil dia tukar balik . https://t.co/yRz0UbdC36,Netral
Fri May 31 08:17:29 +0000 2024,Moots mau nanya deh kalo berdasarkan list yang dikasih BDS ini berarti hitungannya kfc gak masuk produk boikot yaa? Beritanya lumayan simpang siur soalnyaa.. https://t.co/l7a29qr9ug,Netral
Fri May 31 07:12:36 +0000 2024,ga gitu juga sebenernya. fokus boikot sesuai target bds itu HARUS tapi kalo mau boikot produk pro israel yang ga masuk list juga boleh aku kasih contoh yang mirip dengan KFC kenapa ga masuk list tapi publik tetep nyuruh boikot. https://t.co/nQx22FMYTF,Netral
Sun Jun 02 17:24:59 +0000 2024,Kelompok boikot ini knp ya kekeuh dgn produk2 F&amp;B asal Amerika dan ga do some research ttg produk Israel? Pdhl mrk itu produk ekspornya mostly IT products. Klo mau bener2 boikot ya hindari utk memakai Google dll. Klopun Mcd KFC jatuh yg rugi US (itupun ga bnyk) &amp; bukan Israel. https://t.co/BVFOSH6fQu,Netral
Thu May 30 14:51:52 +0000 2024,boikot mcd kfc mangan dkriuk bolo https://t.co/na8S7GtLI8,Netral
Fri May 31 03:25:42 +0000 2024,Andewe wes gencar2e boikot malah mertuoku ngongkon tuku kfc gara2 promo https://t.co/RHzH1mm6z7,Netral
Thu Jun 06 15:55:20 +0000 2024,Beli SABANA......!!! Boikot KFC.......!!!,Netral
Fri May 31 01:34:37 +0000 2024,HAHAHAHA GUE NGETAWAIN ORANG TOLOL SATU INI.. BOIKOT KFC,Netral
Fri Jun 14 12:29:38 +0000 2024,Simply karna org-org yg mostly indo itu hateful bikin males. Kalo boycott minimal gak usah marahin orang yang boikot apalagi org lagi makan/kerja dirusuhin. Kita semua cari rezeki yang kerja di stall mcd kfc starbucks itu ada yg muslim jg. Boycott gapapa asal gk ganggu.,Netral
Wed Jun 05 09:42:19 +0000 2024,Lu kata nge boikot kfc sama dengan stop makan tolol. Ngeboikot artinya pindah warung bloon. Pindah warung dri kfc ke umkm yg artinya ttp support org sini jg kocak,Netral
Tue May 28 06:15:40 +0000 2024,Boikot tu atas individu lah. Aku tak pernah boikot KFC sebab Palestine. Ramai lagi orang kita kerja kat KFC sebab tu still makan. Cuma sekarang bila tau KFC under JCORP baru lah rasa nak boikot. Kskakaka,Netral
Wed Jun 05 09:31:18 +0000 2024,bukan salah orang yg boikot emang kfc nya yg ga becus manage karyawannya. emang selama ini pas lu semua beli kfc pada mikirin gimana karyawan cfc? gimana pendapatan penjual dkriuk d besto nikita?,Netral
Wed Jun 05 10:10:49 +0000 2024,Kalau boikot berjalan lancar (amin ya Allah) seharusnya McD jga kena tfie org milih ke McD drpd KFC ya berarti emang nyatanya KFC itu bukan target kebanyakan orang lagi yang boikot McD lebih banyak di banding KFC ,Netral
Thu May 30 11:23:52 +0000 2024,pertanyaan aku bbrp hari ini ko orang tolol knp msh ada didunia ini ya mksdnya kaya masalah boikot yang gampang bgt anjir tinggal boikot kfc mekdi sbux sesusah itu kah?? pdhl ga beli itu jg gabakal mati lagian juga masih ada alternatif yang lebih murah + enak,Netral
Wed May 29 13:30:50 +0000 2024,Ntah bila ntah org worship KFC. Nak boikot pun biar konsisten sebab apa. Sekejap katanya sebab bagi duit dekat israel sekejap katanya ayam kecik sekejap tindas pekerja. Ntah siapa yang gaslight sapa. Semua la tak betul ,Netral
Wed Jun 05 08:29:20 +0000 2024,kok bisa nulis ((logika teroris)) apa maksudnya kenapa tiba tiba nyalahin orang yg boikot padahal kan bisa nyalahin pihak kfc yg ga perpanjang. lagian gue liat dimana mana masih rame tuh. beneran. btw knp nikah kalo belom mampu sepenuhnya? (kpr rumah) LOL,Netral
Wed May 29 12:33:19 +0000 2024,mengingat Boikot KFC gw dah sering nemu konten jastip bundle Epep X Kaepci indo jir mana banyak lagi yg beli sialan,Netral
Tue Jun 04 07:09:09 +0000 2024,Kelakuan Gen-Zero Indonesia yang paling Palesnistism 'en Hamanism ! Boikot Produk AS ??? Ironisnya KFC di Mekkah Laris Manies Gaes.... wkwkwkwk https://t.co/qiBIC4NOXz,Netral
Fri Jun 07 07:31:18 +0000 2024,Tidak Masuk Daftar List Boikot BDS Benarkah KFC Diblacklist? https://t.co/7AVTFcSfzT,Netral
Wed Jun 05 09:29:21 +0000 2024, nah jadi pilihan masing-masing deh mau boikot ƒ∂FC atau gak. soalnya kata admin BDS begini. pokoknya fokus boikot list BDS ini aja ya guys. jangan boikot di luar BDS! biar lebih terarah dan gak ada perdebatan apa-apa lagi. https://t.co/L2aVgPs5et,Netral
Tue Jun 04 10:22:49 +0000 2024,BOIKOT KFC spt ini lah analoginya... https://t.co/H2IfYt6vLg,Netral
Fri Jun 14 02:50:05 +0000 2024,@kadrunmampos Orang Indonesia aja yg sok bela palestina dengan boikot kfc dan membuat saudara sendiri hilang pekerjaan dasar idiot,Netral
Thu Jun 13 05:53:45 +0000 2024,lu ga beli kfc mekdi karena lagi boikot gw ga beli kfc mekdi karena dkriuk luwih enak ancok kita beda ,Netral
Fri Jun 14 02:48:33 +0000 2024,@kadrunmampos Kfc ga masuk prioritas boikot sih ga sebahaya brand dibawah ini https://t.co/oxOUpaknoV,Netral
Wed Jun 05 09:50:58 +0000 2024,hadeuh td lwt tl tp kelewat gini Klian yg koar koar free plstine &amp; boikot kfc ggr itu anak sy g perpnjg kontrak &amp; skrg nganggur pdl pny ank istri ntizen pd muka 2 njir. Bru godaan dajjal ringan loh itu,Netral
Mon Jun 10 11:57:45 +0000 2024,Cek instagram Oppo Indonesia rame bener wkwk Oppo id mending lu buru-buru ambil tindakan tegas BA lu deh sebelum netizen dan masyarakat lebih melek secara luas terhadap kasus yang sedang panas sekarang (Sekelas Unilever Starbuck Kfc aja bisa kalang kabut loh akibat boikot),Netral
Fri May 31 08:53:01 +0000 2024,Ngeri! Dampak Boikot Anti-Israel di Asia McDonald s dan KFC Alami Kerugian Hingga Tutup https://t.co/Ecod92aN0t #kfc #mcdonalds #boikot #anti #israel #rugi #tutup,Netral
Wed Jun 12 07:13:28 +0000 2024,Boikot KFC di Indonesia. Ternyata KFC makanan favorit teroris Hamas. Makan tulang Palestina https://t.co/kHNlNz7BMk,Netral
Fri May 31 17:22:31 +0000 2024,Org boikot kfc bukan sbb ayam kecik dah sebenarnya tapi boikot kfc sbb bawah jcorp. Boikot jcorp.,Netral
Sat Jun 15 07:43:47 +0000 2024,Dia paling kuat ajak rakyat boikot Mcd KFC semua tu dulu,Netral
Mon Jun 03 13:59:26 +0000 2024,tapi ya ngga apa ngga lantas langsung kok lo ngga boikot KFC sih! kan blablabla.. boikot atau ngga itu urusan dia pilihan dia.,Netral
Wed Jun 12 01:35:08 +0000 2024,Craving fried chicken nk kfc tp prlu boikot ka tk.. ritu org kata kfc tkyh boikot en,Netral
Thu May 30 05:10:10 +0000 2024,Boikot nya tetep lanjut ya :) efek nya besar kok sbux daerah gw tutup krn efek boikot.. kalo kfc mcd udah gak serame dulu.. so istiqomah ya boikotnya.. Produk2 gak cuma dr 3 merk tsb jga loh..,Netral
Wed Jun 05 10:20:53 +0000 2024,anyway aku pro boikot tapi denger dari saudara ku yang pernah kerja di kfc juga begini temennya banyak yg kena phk karena boikot dan aku juga sempet mau kerja disitu tadinya dan saudara aku sendiri bilang jangan omset turun banget lagi banyak yg di phk,Netral
Sun Jun 02 05:55:29 +0000 2024,Saya dukung Palestina Merdeka tapi bukan bagian dari tim boikot produk yg indikasinya dukung Israel. Lagi pula KFC di Malaysia tutup Israel tetep bombardir Palestina. Boikot hanya perang dagang yg menggunakan perang sebagai alasan persaingan antar perusahaan ,Netral
Wed Jun 12 21:11:29 +0000 2024,KFC Malaysia Tutup 100 Gerai Imbas Aksi Boikot Produk Israel. BABY MONSTER Sarwendah Syifa Ruben Harun Masiku Anang Anies LPDP SNBT. https://t.co/YA8buGyn0i,Netral
Wed Jun 05 04:41:25 +0000 2024,Semalam touch down KLIA aku cakap la nak makan KFC sebab lapaq pastu member cakap takmau sebab boikot. Sis ur coming back from Japan with a luggage full of KitKat??? ARENT WE JUST THE SAME???,Netral
Fri Jun 07 17:14:34 +0000 2024,ada satu tiktok i tengok this guy kena tegur dgn kawan dia sbb makan mcd and he decided to post a tiktok abt how kita tak perlu pun boikot mcd starbucks kfc sebab 5% royalty dibayar ke HQ just utk pekerja maintenance and facilities .also dia ckp ppl who boikot extremist,Netral
Wed Jun 12 07:15:14 +0000 2024,McD dan KFC masih langganan arab muslim. Tidak ada boikot. Hanya Hamas pesek yang demo boikot tapi diam2 pesan online. Jiahhhh... https://t.co/LB6aMJUmkb,Netral
Wed Jun 05 09:29:09 +0000 2024,kalau analisa saya sprtnya memang aksi bela palestina dan boikot kfc mcd starbucks dll itu buatan dari intel mosad israel sendiri tujuannya bikin rusuh negara yg ga terlibat shg berdampak pd ekonomi dan konflik. buktinya? tdk ada komentar/bantahan/upaya meredam dr israel,Netral
Fri Jun 07 05:54:21 +0000 2024,Masyarakat yang boikot ga makan kfc juga tetep punya alternatif makanan lain tetap membeli makanan di tempat lain dan membantu menghidupi penjual makanan lain. Syukur2 malah meningkatkan umkm kuliner lokal. Pemikirannya jangan sempit hanya karena KFC brand besar.,Netral
Thu Jun 13 07:12:37 +0000 2024,Teruskan boikot KFC dan Pizza Hut.,Netral
Mon Jun 03 02:08:16 +0000 2024,sebab tu kene boikot KFC....bahaya sial,Netral
Sat Jun 15 11:12:14 +0000 2024,Tokopedia gak diboikot lho kenapa justru banyak PHK karyawan? Sbux KFC &amp; McD banyak boikot tapi karyawannya gak banyak terancam. Jadi sebenernya isu boikot = bikin sodara sendiri di PHK itu gak relevan ya setan!,Netral
Fri May 31 07:07:42 +0000 2024,Sekarang ni aku rasa ada sebab yang amat jelas utk boikot KFC. #ytjt,Netral
Thu Jun 06 09:08:48 +0000 2024,Emir Arab dng uangnya ingin membangun kerajaan bisnis yg sdh terlebih dulu dikuasai Amerika DKK (sejenis starbuck sejensi kfc persepakbolaan dll) Dalam membuat bangkrut pendahulunya mrk memanfaatkan MOMENT Palestina plus AJARAN Kebencian utk melakukan BOIKOT dan status HALAL.,Netral
Fri Jun 14 13:38:34 +0000 2024,kalau mcd n kfc kita boleh boikot.. takkan bola tak boleh.. bukan sampai fifa pun.. banyak lagi game yg mengharumkan nama malaysia,Netral
Tue May 28 13:50:55 +0000 2024,Gue biasanya klo temen gue konsum produk boikot gue tanya kamu tau ga produk ini diboikot? Trs dia jawab tau trs kami adu argumen gue kadang kaya udah cape yg penting udah ngasih tau. Tapi tdi Kaka sepupu gue makan KFC depan mata gue gue pengen nangis,Netral
Mon May 27 14:45:20 +0000 2024,Entah. Aku rasa KFC lagi jahat. Bayar staf dengan gaji harga minimum. Cas harga kaw2 padahal kualiti hauk. Tapi takde pula nak komen lebih2 sblm ni. Bila boikot start tuduh si pemboikot jahat?,Netral
Wed Jun 05 10:16:01 +0000 2024,Ini kaya saling silang gak sih? Kek berkat boikot mcd KFC org beralih ke jatinangor. Jadi bantu para pekerja di jatinangor,Netral
Wed May 29 15:21:40 +0000 2024,So kena teruskan la boikot KFC kan?,Netral
Wed Jun 05 06:23:57 +0000 2024,Wendys ni boikot ga yah gantiny kfc mcd yg ga boikot apaaa ges,Netral
Fri Jun 14 10:34:05 +0000 2024,ges mau nanya dong richeese sama kfc boikot ga??,Netral
Tue Apr 30 01:34:12 +0000 2024,100 cawangan KFC dah tutup akibat boikot. Yang akan terkesan besar adalah JCorp. Sebab apa? Sebab JCorp antara pelabur utamanya adalah EPF. Lepas itu korang nilai sendirilah.,Netral
Sat Jun 15 05:21:31 +0000 2024,@okezonenews @sosmedkeras Menurut gw mrk liat2 ig/tiktok tentang boikot mcd dan ada seseorang yg boikot itu mengatakan klo makan disitu sma sj memakan darah zionis mungkin mrk cma kesal aj karna ada org boikot sampe melakukan pemukulan sma org yg makan di mcd/kfc logika ga sih??,Netral
Sun Jun 09 05:37:55 +0000 2024,Bina kfc boikot ke tidak sebenarnya? boycott https://t.co/bhUWeaVxnn,Netral
Fri May 31 11:28:07 +0000 2024,Ik you mean well tp klo kayaj yini mah semuanya aja lu boikot jd hidup jaman baheula... menurut gue boikot tuh yg emang raksasanya aja suh kayak mekdi kfc sbux mskeup dll.... banyak subtituenya jg,Netral
Tue May 28 16:02:19 +0000 2024,kalau kfc luar negara pun diorng boikot. kenapa kfc malaysia tak boikot? ,Netral
Wed Jun 05 10:17:18 +0000 2024,Lu udah punya anak istri ngelamar di KFC? Gak ada acara aksi2 boikot juga lu tetep aja ditolak wkwkwkwk. Makanya sebelum ngelamar tuh dibaca dulu persyaratannya (pria/wanita lajang). Kalau koloninya si Permadi udah pada muncul gini tandanya boikot ada hasilnya Teruskan! https://t.co/CX4EGW36KW,Netral
Sat Jun 01 02:21:27 +0000 2024,anying padahal resto cikin di korea jg banyak berasa kiamat aja gak bisa boikot mcd kfc aneh,Netral
Tue Jun 11 01:27:28 +0000 2024,Lorr.. kau nak bagitahu apa sebenarnya hanat. Kalau dah biasa minum kopi mahal tu namanya gaya hidup bukan keperluan. Dah mampu beli jgn meroyan. McD KFC Starbucks blh boikot apalah sgt dgn kedai kopi ni. https://t.co/zHSwHeCH29,Netral
Wed May 29 09:08:06 +0000 2024,still confused dengan status kfc @BdsMalaysia cakap xperlu boikot kfc nak ikut mana satu ni?,Netral
Sat Jun 01 08:40:13 +0000 2024,Sejumlah Massa Aksi Solidaritas untuk Palestina Serukan Boikot di Depan Pintu KFC Cabang Kendari BACA SELENGKAPNYA DISINI ‚¨áÔ∏è‚¨áÔ∏è‚¨áÔ∏è https://t.co/XuEjuLEAnU,Netral
Sat Jun 15 14:22:43 +0000 2024,@NaratifRakyat Bila pulak colonel Sanders tu join turun kempen turun harga minyak....lps KFC kena boikot ke,Netral
Wed May 29 11:03:44 +0000 2024,Mempersoalkan kenapa boikot KFC McD tetapi tak boikot Apple Microsoft dan Facebook bukanlah Whataboutisme. Selagi bandingan adalah sama atau lebih teruk daripada rujukan maka soalan ini sah dan relevan atas dasar kebenaran perlu bersifat konsisten dan tidak berat sebelah.,Netral
Sat Jun 08 15:07:50 +0000 2024,I boikot kfc ada dua sebab,Netral
Thu Jun 13 01:20:17 +0000 2024,Lu penyelesaian hutang peneroka Felda pun tak faham. Pakai formula Mahiaddin Felda nak bankrup. Kemudian pemulihan Tabung Haji pun tak faham. Habis aset orang Islam kononnya. Lepas tu KFC kamu boikot. JCorp nak jual KFC tak bagi. Lepas tu sembang diesel pun ke laut.,Netral
Fri Jun 07 12:42:26 +0000 2024,Kalau dekat dengan rumah mesti sini je la spot aku selain KLCC. Semua yang aku nak ada. Kalau KFC bukan kategori boikot KFC pun aku masuk.,Netral
Mon Jun 03 09:53:59 +0000 2024,Ingatkan org boikot sebab kfc support israel dah cukup. Sekali staf pon perangai staf. Memang patut double boikot,Netral
Mon May 27 10:56:41 +0000 2024,Aku tak ada la boikot KFC ni cuma merajuk je sebab selalu minta thighs tak dapat.,Netral
Tue May 28 15:46:31 +0000 2024,Betul betul la KFC ni boikot ke tak? Aku dah bantai KFC kot petang tadi dengan kyra.,Netral
Wed Jun 05 06:38:15 +0000 2024,Bela Palestina bareng @Kemenhan_RI ini namanya baru jihad bukan nyuruh boikot Starbucks KFC dll yang justru menyengsarakan saudara2 kita yg kerja d franchise tsb https://t.co/r8IubOX4uP,Netral
Mon Jun 03 11:19:53 +0000 2024,Yo wtf did i just saw at rnr gunung semanggol this morning. Kedai Ramli penuh orang beratur sampai kat pintu kfc kosong takde orang nak masuk. Power betul orang kita boikot.,Netral
Mon May 27 11:11:39 +0000 2024,Aku xpernah boikot KFC. tapi sejak ayam yang dipinta dh jadi burung puyuh aku stop beli KFC.. hahaha,Netral
Tue May 28 23:05:21 +0000 2024,Kfc ni try hard nak prove dia tak perlu diboikot. Tp dia tak tahu ke Org boikot kfc sbb quality dia yg makin teruk ,Netral
Mon Jun 03 00:01:26 +0000 2024,Aku tim tetap boikot McD KFC Sbux dll walau dg dalih apapun tp lbh ke arah gak pny duit utk beli brg segitu Toh msh ada mknan lokal spt Hisana burger bangor/murder dll yg ga kalah enak kopi2an franchise lokal jg byk kok,Netral
Sat Jun 15 15:35:19 +0000 2024,Bermodalkan logika dangkal dia bilang BDS pro LGBT KFC dkk pro LGBT Maka BDS ga boikot mereka BDS gara-gara Pro LGBT. ,Netral
Tue May 28 07:15:36 +0000 2024,Masa McD pandai korang cerita pasal royalti. Bila kena kat KFC oh sebab JCorp terus lupa pasal bayaran royalti. Tak rugi pun boikot KFC. JCorp masih kaya raya.,Netral
Wed Jun 05 10:38:20 +0000 2024,Gw boikot kfc karna empati sama korban genosida dan memilih beli ayam ke pedagang umkm. Masih mau nyalahin kustomer? Gua guyur pala lu!,Netral
Tue Jun 04 12:39:24 +0000 2024,KFC mmg patut kena boikot. sebab servis teruk gila. and ni bukan first time. 1 - pergi drive thru dia tak tutup pun laluan tu tapi takde orang jaga 2 - ada staff nampak suruh order dkt dalam. dah masuk tunggu depan kaunter tapi takde sorang staff pun nak layan. con t.,Netral
Fri May 31 10:39:59 +0000 2024,kfc daftar yg harus di boikot juga kan?,Netral
Fri May 31 06:05:04 +0000 2024,Sebab tu kita kena continue boikot KFC hehehe tengok owner dia sapa la,Netral
Fri May 31 14:34:08 +0000 2024,elok continue boikot KFC. bos besar dia bekap orang jahat pukul OKU.,Netral
Tue Jun 04 12:40:53 +0000 2024,Boikot kfc nohhh. Satgi mai bulan 9 apple release fon baru angpa beratoq siap pasang khemah. Jihad tok hang.,Netral
Sat Jun 01 08:02:11 +0000 2024,KFC tidak pernah masuk senarai boikot Pelanggan merungut harga mahal bukan isu Palestin https://t.co/v6iEAWM8S8,Netral
Thu May 30 00:37:38 +0000 2024,Double standard eh korang. Apple tak boikot kfc pulun,Netral
Thu Jun 13 05:53:56 +0000 2024,Kaga elu dong njir wkwkwkwk gue boikot modelan mekdi KFC soalnya gue tiap makan itu pasti Aslam naik sama soda satu makanya gue berhenti minum itu habis gue ga makan sama minum itu jarang banget gue sakit maag,Netral
Wed May 29 13:53:32 +0000 2024,Saya boikot KFC ada dua sebab. Satu sebab royalty dan satu lagi pun sebab royalty.,Netral
Fri May 31 06:03:50 +0000 2024,If anything isu pasal pemandu Grab OKU tu menunjukkan kita terus boikot KFC. Kaitannya? Cer tengok sapa owner KFC kat negara ni boikot ja pape berkaitan family tu,Netral
Fri Jun 14 07:23:04 +0000 2024,Dari dulu gue udh merasakan ini sebelum boikot. Buat gue menang nya franchise sbux mcd kfc bukan rasa tp lbh di fasilitas: 1. Di rest area/bandara pasti ada sbux dan kfc 2. Kalo ke kota lain ttp ada dan udah kenal rasanya jd ga gambling,Netral
Fri Jun 14 05:03:18 +0000 2024,@kadrunmampos lagian boikot boikot padahal yang boikot seumur umur blom pernah beli KFC / MACD / SBUCKS juga mentok nya teh anget ama gorengan di ARAB malah ngantri gini bingung juga yah ,Netral
Tue Jun 11 09:19:38 +0000 2024,@bnsphrxyzzz Perasaan yg boikot teriak2 yg minum di sbux ama makan di kfc mereka semua peminum darah ama makan bayi palestina dah sekali di IYAiin ama bocil2 dongo malah tantrum semua gimana dah konsepnya ,Netral
Mon Jun 10 01:20:35 +0000 2024,Kelakuan Warga Sipil Zionis Israel Menghalangi Masuknya Bantuan Makanan Obat2 dll ke Gaza Rafah yg Sdh 7 bln Diblokade tanpa Listrik Air BBM Pasokan Makanan &amp; Obat2an. Terus Di Bom Maka Kita TERUSKAN BOIKOT Produk Pro Israel. McD KFC Unilever dll https://t.co/eXLSH9O4Xe,Netral
Tue Jun 04 03:51:56 +0000 2024,so kfc boikot ke tk??? aku nk beli fastfood ni,Netral
Sat Jun 15 17:48:35 +0000 2024,@iamjoelee Beria suruh kita boikot McD KFC tapi sendiri hiburkan keluarga Zionist terrorists,Netral
Mon Jun 10 09:30:54 +0000 2024,Kalau KFC di boikot kalian juga jangan sampai menggunakan Wa dan Instagram karena Mark Zuckerberg memberikan bantuan kpd Israel. Knp tdk konsisten https://t.co/WvpWrMRcp3,Netral
Wed Jun 05 01:49:45 +0000 2024,Me: boikot Kfc McD Stabak walaupun revenue syarikat ini hanya sumbang sikit saja kpd ekonomi Israel. Sekurang2nya kita lepas dari cengkaman mereka dlm sektor makanan supaya k... Netz: Ikut emosi! Me: ‚ÄçÔ∏è Boikot dengan berakal ini begitu vague sampai aku pun tak faham.,Netral
Sun Jun 02 08:32:36 +0000 2024,ini jelah alasan non muslim tak boikot McD..sebab alasan ni la orang islam selalu kena tindas..kena bunuh..kena hentam..kena macam2..disebabkan alasan ni la orang islam ramai kena halau ditanah dorg sendiri dan hak dorg disama ratakan oleh orang lain,Netral
Sat Jun 15 00:54:29 +0000 2024,Sebenernya tanpa gerakan boikot juga McD ini overpriced banget. Buat fastfood harganya kemurahan tapi buat gourmet kualitasnya ga memadai (dan kemurahan). Jadi sebenernya agak bingung pasarnya tuh yang mana,Positif
Wed Jun 12 02:31:42 +0000 2024,gini deh lu org gabisa kah klo ga ikut2an boikot tu diem aja??? kek.. gausah caper dgn ngomong ak gapeduli boikot2an ttp gasss lgsg lari ke mcd jajan kek... kenapa seakan2 seluruh manusia yg hidup tu hrs tau klo lu ga boikot ,Netral
Fri Jun 07 17:14:34 +0000 2024,ada satu tiktok i tengok this guy kena tegur dgn kawan dia sbb makan mcd and he decided to post a tiktok abt how kita tak perlu pun boikot mcd starbucks kfc sebab 5% royalty dibayar ke HQ just utk pekerja maintenance and facilities .also dia ckp ppl who boikot extremist,Netral
Wed Jun 05 18:26:25 +0000 2024,Kalo barang masih oke sih mnrt w kalo gk boikot tp kalo masih ada yg marah2 grgr dihina gk boikot mcd n starbuck lu mmg parah sih. Karna mcd itu udh terangan2 bgst! Dan lu masih makan mcd lu emg bgst sih,Netral
Tue Jun 11 12:48:53 +0000 2024,gw sih kgk peduli kalo org kagaj ikut boikot mcd sbux you do tou tp yang nggak gw paham tuh why would they be proud about it apalagi sampe posting di sosmed keeekk you know they fund or support ishitrael which means they participated in genocide right,Netral
Mon Jun 03 08:21:02 +0000 2024,dampak boikot ke karyawan mcd itu dampak langsung jangka pendek. coba liat dampak ke ekonomi scr general boikot bikin org banyak yg beralih ke produk lokal makin kuat lah ekonomi kita. masa org2 kita cuma kebagian jadi karwayan mulu dukunglah umkm2 yg selama ini kalah saing.,Netral
Tue Jun 11 23:21:04 +0000 2024,Kalo ga mau boikot McD ya bisa diem aja ga sih cocotnye jangan pake bercanda darah anak Palestina,Netral
Sun Jun 02 05:17:54 +0000 2024,boikot mcd kalo opsi subtitusi dan alternatifnya dkriuk kayaknya aku gk ada masalah. soalnya oke punya. https://t.co/XwdS8OsMMj,Netral
Thu Jun 06 07:41:48 +0000 2024,Malaysian logic Boikot Mcd strbck dh ahh setel,Netral
Fri Jun 07 11:12:26 +0000 2024,isi timeline full perseteruan OMI Ô∏è,Netral
Thu May 30 08:14:03 +0000 2024,gue tiap dikatain lebay karna boikot mcd sbux dll tu bawaannya pingin nangis. mau marah ga bisa bisanya lgs nangis. asw asw.,Netral
Sat Jun 08 12:40:05 +0000 2024,info butuh partner nyusun rak kosan,Netral
Sun Jun 09 23:51:45 +0000 2024,gue boikot elu mcd .. . elu pikir dong gak malu apa sokong genosida di gaza . elu hrs deal dgn mcd pusat ubah nama ubah %saham minta resep rahasia . harus kreatif berpikir . .,Netral
Fri Jun 07 15:52:52 +0000 2024,Skrg rasanya mirip kaya gini. Hah berat. Tapi gabisa lah udh bela¬≤in hampir 2 tahun gak konsumsi MCD dan mulai boikot totalitas demi kemanusiaan eh idol yg selama ini kudukung melenggang dengan masa bodo masih kerja sama dnegan brand¬≤ yg di boikot...ada yg gabener rasanyaaa,Netral
Fri May 31 15:47:08 +0000 2024,Org org pada gembar gembor boikot mcd ni curut 1 malah bikin sg ngangkat ngangkat gelas mcd ewh dasar norak. Tau gak NORAK. Udah jelek muka jelek hati jelek penampilan dasar JELEK ALL OUT,Netral
Wed Jun 05 20:21:52 +0000 2024,bgst mau marathon nonton netflix netflixnya malah kaga bisa dibuka ANJINGGGGH,Netral
Wed Jun 12 11:53:41 +0000 2024,klo gini tetep boikot mcd ga?,Netral
Fri Jun 07 13:09:53 +0000 2024,Mcd boikot.. lupa ke?,Netral
Mon Jun 03 01:59:58 +0000 2024,kita boikot mcd dan starbux dah cukup mesti akan buat zionis cuak ,Netral
Sat Jun 15 17:48:35 +0000 2024,@iamjoelee Beria suruh kita boikot McD KFC tapi sendiri hiburkan keluarga Zionist terrorists,Netral
Sat Jun 15 07:43:47 +0000 2024,Dia paling kuat ajak rakyat boikot Mcd KFC semua tu dulu,Netral
Fri Jun 14 14:29:26 +0000 2024,agak takjub sama diri ini udh lama bgt ga makan mcd semenjak boikot. dulu bener2 suka bgt mcd dan makan minimal sebulan sekali. sekarang Alhamdulillah gaada kepengen nya,Positif
Sat Jun 01 23:48:43 +0000 2024,Diluar negeri (Perancis) bukan cuma sekedar boikot tp udah ditahap protes ke gerai kayak gini sedangkan di Indonesia masih ada komentar aku liat ini sambil makan McD enak loh... https://t.co/ylFRnCZAgb,Netral
Fri Jun 07 09:22:45 +0000 2024,Jadi inget tahun lalu resign dari Maju Mapan pake konsep farewell di mcd (please note ini sebelum boikot ya) Aku menghabiskan 2 minggu di Jakarta buat wfc terakhir kali sama anak-anak kantor saying goodbye sana-sini bikin event piknik ditutup dg farewell dan karaokean https://t.co/a9HK6FLnAk,Netral
Thu Jun 13 01:11:07 +0000 2024,Yg boikot mcd ni tk boikot iphone 16 ka? Actually boikot ni cemana? Boikot benda yg kita tk suka ja ka atau cemana ?,Positif
Wed Jun 12 01:33:32 +0000 2024,org luar negara pun boikot mcd kita je tk reti fully boikot mcd agi. gi mall hritu tngok ada gak queue kat mcd melayu pun ada bodo nk mampos,Netral
Wed Jun 05 10:16:01 +0000 2024,Ini kaya saling silang gak sih? Kek berkat boikot mcd KFC org beralih ke jatinangor. Jadi bantu para pekerja di jatinangor,Netral
Fri Jun 07 15:37:53 +0000 2024,eh ngakak bgt sama yg katamya boikot mcd tapi beli lego,Netral
Wed Jun 05 09:29:09 +0000 2024,kalau analisa saya sprtnya memang aksi bela palestina dan boikot kfc mcd starbucks dll itu buatan dari intel mosad israel sendiri tujuannya bikin rusuh negara yg ga terlibat shg berdampak pd ekonomi dan konflik. buktinya? tdk ada komentar/bantahan/upaya meredam dr israel,Netral
Fri Jun 14 14:27:00 +0000 2024,I love mcd s panas special and mcnuggets dan sampe sekarang belum bisa nemu pengganti nuggetnya tapi ya balik lagi kalau boikot itu juga asalkan niat dan mau dan kalau udah niat dan mau you will find great alternatives yang kalah enak dari favoritmu.,Netral
Fri Jun 14 14:28:35 +0000 2024,Amboi bab saham bukan main ramai beria suka tengok duit invest bertambah invest product mana tu yang return tengah sedap tu kahkah orang makan mcd kau kecam kau dapat untung tak pulak nak boikot tu ,Positif
Mon Jun 10 12:30:35 +0000 2024,Daripada boikot mcd baik boikot ktm. Tak pernah nak on time,Netral
Sat Jun 15 05:21:31 +0000 2024,@okezonenews @sosmedkeras Menurut gw mrk liat2 ig/tiktok tentang boikot mcd dan ada seseorang yg boikot itu mengatakan klo makan disitu sma sj memakan darah zionis mungkin mrk cma kesal aj karna ada org boikot sampe melakukan pemukulan sma org yg makan di mcd/kfc logika ga sih??,Netral
Fri May 31 05:55:56 +0000 2024,Boikot McD tapi promote produk hasil kilang MacFood. Math is not mathing somewhere here. Hahah. Sebab tu jangan boikot MEMBABI BUTA. Boikotlah dengan ilmu.,Netral
Sat Jun 15 13:01:37 +0000 2024,aowkaowkaowkaow kaga pernah masuk praktikum BKA semenjak setelah UTS tb2 nilai UAS gacor parah belajar dalam 1 hari ,Netral
Sat Jun 15 11:12:14 +0000 2024,Tokopedia gak diboikot lho kenapa justru banyak PHK karyawan? Sbux KFC &amp; McD banyak boikot tapi karyawannya gak banyak terancam. Jadi sebenernya isu boikot = bikin sodara sendiri di PHK itu gak relevan ya setan!,Netral
Tue Jun 11 01:27:28 +0000 2024,Lorr.. kau nak bagitahu apa sebenarnya hanat. Kalau dah biasa minum kopi mahal tu namanya gaya hidup bukan keperluan. Dah mampu beli jgn meroyan. McD KFC Starbucks blh boikot apalah sgt dgn kedai kopi ni. https://t.co/zHSwHeCH29,Netral
Wed Jun 05 06:23:57 +0000 2024,Wendys ni boikot ga yah gantiny kfc mcd yg ga boikot apaaa ges,Netral
Wed Jun 05 18:31:08 +0000 2024,siapa yang kemarin heboh boikot-boikot mcd tapi lagi ada musibah listrik padam langsung ke mcd numpang isi daya? HAHAHAHA memeq,Netral
Sun Jun 02 14:09:19 +0000 2024,People ngebacot : boikot starbucks boikot aqua boikot mcd boikot bear brand sampe ada artis verified ikutan demo demi igsnya doang. While for papua they are all silent. For geruduk2 org ibadah u guys are silent. Lol,Netral
Fri Jun 14 07:25:50 +0000 2024,Mau cerita deh ttg McD ini. Dua minggu sebelum Serangan Oktober pecah dan ada boikot. Aku sm temenku ke McD. Dia tuh org yg jarang ke tempat2 fast food kyk gitu pengen cobain McD pertama kali. Kebetulan waktu itu habis ngurus apa gitu terus ya pengen nyoba.,Netral
Wed Jun 12 17:29:36 +0000 2024,Yang kecik2 boikot mcd stabax nestle etc. yang kaya beli dior lv tesla mercedes etc. ahahahaha BABI,Netral
Sat Jun 15 06:32:41 +0000 2024,Temen gua yg paling berisik boikot mcd sbux nonton ini kok ,Netral
Sat Jun 01 02:21:27 +0000 2024,anying padahal resto cikin di korea jg banyak berasa kiamat aja gak bisa boikot mcd kfc aneh,Netral
Mon Jun 10 13:36:52 +0000 2024,10.06.24 save moment dinpit jadi saksi di banyak perjalanan kuliah gua (mulai jd budak kampus event kompetisi pimnas ampe ujian ini) thanks nona set. dan stiker mcd. Jangan beli lagi kita ganyang dan boikot toean nona sekalian. Salam perjoeangan bukan salam dua jari. https://t.co/XGDorX6BFJ,Netral
Mon Jun 03 14:24:34 +0000 2024,McD di Paris Prancis di geruduk para demonstran pro palestina Ini negara non muslim ya Genk Dan bukan negara arab Indonesia apa kabar boikot nya ??? https://t.co/IKlnQa0Say,Netral
Mon Jun 03 12:55:03 +0000 2024,Info dong kentang goreng yg lebih enak dari mcd hehe saya mah ikut boikot mcd makanya gamau beli disitu. Mohon infonya,Netral
Wed Jun 12 00:22:04 +0000 2024,Patutlah dulu mcd sampai merayu jgn boikot . Mmg terasa. Kitaorg yg bukan direct company yg kena boikot Pun tercekik rasa tgk sale huhuhu.,Netral
Fri Jun 14 09:19:20 +0000 2024,dulu tiap bingung mau makan apa selalu aja beli mcd tapi sekarang jrn boikot jadi beli hisana ayam bu tumbar ayam bakar sriwedari dll. jadi tau olahan ayam yg enak lainnya bahkan lebih enakÔ∏èÔ∏è,Netral
Sat Jun 15 14:56:44 +0000 2024,*disclaimer: tweet ini berisi komedi Boikot MCD Boikot Starbucks dst. Meanwhile: Elon mendukung israel dan mengklaim hamas teror*s Kominfo boikot X : karena bovep Kaum boikot be like:,Netral
Tue Jun 04 03:37:45 +0000 2024,gw boikot sb mcd dll. tapi ngeliat ginian beneran gemes rasanya pengen tak tarik keluar.,Netral
Sat Jun 01 12:55:02 +0000 2024, kenapa rame2 boikotnya baru sekarang ah kalian aja kali baru tau boikot mcd udah aku denger dari aku masih SD alias tahun 2000an. Seterusnya pun sering dianjurkan. Kalian aja milih tutup mata tutup telinga karena mikirnya konflik agama kan,Netral
Sat Jun 15 07:37:40 +0000 2024,Mcd yg baru buka di perumahan deket rumah jg sepi hampir ga pernah ada motor mobil di parkiran yg ngantri di dalem apalagi. Padahal sebelum ada boikot w pun nunggu momen biar bisa beli mcflurry. Pun opsi jajanan di sana tu buanyakk bgt jadi ga susah buat ga jajan di mcd.,Netral
Sun Jun 02 07:02:41 +0000 2024,Diam la babi kau main roblox pon dah macam terencat akal and sejak bila m boikot mcd ni orang islam je buat bodoh,Netral
Tue Jun 11 05:59:05 +0000 2024,bjir junk food murahan aja lu dewain segitunya ini jionis pada ngatain yang boikot gak mampu beli mcd lah mereka timbang makan mcd aja segitu ngedewainnya padahal makanan murahan,Netral
Sun Jun 02 07:41:11 +0000 2024,Israel Terus Gempur Gaza McD Cs Rugi Besar Digempur Gerakan Boikot https://t.co/ub7WkLZuBD,Netral
Mon Jun 10 05:52:44 +0000 2024,JAHATTT ANJING JAHATTTTTT temen gua ada yg masi beli mcd dll gue ga ikut campur boikot urusan masing2. tapi ini jahat bgtttt sakit hati liatnya,Netral
Mon Jun 03 00:01:26 +0000 2024,Aku tim tetap boikot McD KFC Sbux dll walau dg dalih apapun tp lbh ke arah gak pny duit utk beli brg segitu Toh msh ada mknan lokal spt Hisana burger bangor/murder dll yg ga kalah enak kopi2an franchise lokal jg byk kok,Netral
Sun Jun 09 07:19:49 +0000 2024,boikot mcd/starbucks adalah aksi tergblok sepanjang masa,Netral
Wed Nov 01 12:21:27 +0000 2023,KESAN BOIKOT MCD Baru lalu timeline tadi tak dapat dipastikan sama ada video ini diterbitkan oleh McD Malaysia atau orang lain. Rupanya memang kali ini mereka amat terkesan dengan tindakan Rakyat Malaysia yang bersatu hati menunjukkan solidariti bersama Palestin üáµüá∏ https://t.co/sTA3HfRTsM,Netral
Mon Dec 25 07:43:03 +0000 2023, CW KPOP yng masih blng boikot itu gk berguna Guys now banyak idol yng di bayar sama sbux ada yng sama mcd juga. Artiny brand2 itu udah mulai kewalahan n lagi gunain pasar kpop krn skrng emang lagi happening bgt. Jd jng berhenti buat boikot guys https://t.co/HXlIsY3d1m,Netral
Sun Jun 02 03:20:48 +0000 2024,Di Malaysia BOIKOT sangat efektif. Banyak cabang Starbucks dan McD bangkrut Di Malaysia Muslimnya lebih kompak dikonoha banyak pesek https://t.co/tO9Wmj8gG3,Netral
Sat Jun 15 06:00:39 +0000 2024,Boikot semua kerja orang miskin. Yang kaya tiap hari posting pasal Palestin pun apa kisah janji masyuk. Takyah kutuk. Baik kutuk yang makan McD minum Starbucks ye tak?,Netral
Wed Jun 12 12:51:35 +0000 2024,Nih yg ribut Boikot MCD pada kemana neh kok pilih kasih kalau ada satu pabrik tekstil PHK karyawan bela kek atau apa kek jangan kita boikot produk Israel teriak yg ada karyawan muslim di PHK sementara yg ini kalian diem aja dasar dungu pro zionist ,Netral
Fri Jun 14 09:33:35 +0000 2024,@Moximeli @erlanishere boikot itu berguna loh. Klo perusahaan2 nya ga dapet income mereka gabisa nyumbang dana ke Isriwil. fyi aja ni kalau antum belum tau mcd itu nyumbang ke Isriwil loh buat dana alat penghancur Palestin. Jadi kalo boikot Mcd pemasukan Isriwil berkurang.,Positif
Tue Jun 11 04:27:39 +0000 2024,emang sih kita ga bisa suruh semua ikut boikot mcd yaudah lah terserah mereka. Tapi yg bikin miris kalo ada kata kata enak makan daging palestina ini beneran minim empati si.,Netral
Fri May 31 23:18:20 +0000 2024,Boikot McD tapi promote produk hasil kilang MacFood. Math is not mathing somewhere here. Hahah. MacFood had nothing to do with that Sebab tu jangan boikot MEMBABI BUTA. BoikoTLaH DeNgAn iLmU,Netral
Fri May 31 18:58:58 +0000 2024,Another contoh baik they do whats comfortable not whats right Banyak fans kpop teriak kenceng boikot mcd sbux dll sampe bully segala. Tapi mereka sendiri masih beli merch kpop dan bahkan masih nonton konser mereka?!?! Applaud to this twit ,Netral
Wed Jun 12 01:21:45 +0000 2024,Hmmm ada orang Indonesia kahwin kat Burger King. Kalau McD tak kena boikot i would pick McD Jalan Tun Razak hshshs,Netral
Wed Jun 05 01:49:45 +0000 2024,Me: boikot Kfc McD Stabak walaupun revenue syarikat ini hanya sumbang sikit saja kpd ekonomi Israel. Sekurang2nya kita lepas dari cengkaman mereka dlm sektor makanan supaya k... Netz: Ikut emosi! Me: ‚ÄçÔ∏è Boikot dengan berakal ini begitu vague sampai aku pun tak faham.,Netral
Thu Jun 13 02:10:51 +0000 2024,4 Alasan Memboikot McD dan Starbucks untuk Melawan Zionis itu Harusnya Mudah Dilakukan #TerminalMojok https://t.co/5EjyqektPH,Netral
Sat Jun 15 07:49:51 +0000 2024,@Mdy_Asmara1701 mana ini yg kmarin ikutan triak triak free palestine ? yg ikut ikutan boikot Starbucks McD ?? brangkat lah ... masa iya gak brani ??? cm brani di negara sendiri ???,Netral
Wed Jun 12 06:35:31 +0000 2024,@Dionysuss01 @duniauli sayangnya ga semua orang kayak kamu kak. bahkan sarkasan/candaan itu asalnya dari bbrp orang pro boikot. tiap ada konten orang yg lagi makan ph/ mcd pasti ada komentar bau amis ngga ka? bau darah ngga ka? enak ya makan daging manusia ,Netral
Sat Jun 08 13:13:58 +0000 2024,Boikot boikot kentang mcd sek enak cok,Netral
Tue Jun 04 20:20:37 +0000 2024,Gerakan besar emang lahir dr kekerasan tp ya asal tepat sasaran Krn pada refer ke video orang boikot mcd di Perancis pas cari2 alasannya malah nemu klo McD dah lama dibenci orang sana ada artikel taun 2018 di Jakpost. Mungkin kek love-hate relationship,Netral
Mon Jun 10 01:20:35 +0000 2024,Kelakuan Warga Sipil Zionis Israel Menghalangi Masuknya Bantuan Makanan Obat2 dll ke Gaza Rafah yg Sdh 7 bln Diblokade tanpa Listrik Air BBM Pasokan Makanan &amp; Obat2an. Terus Di Bom Maka Kita TERUSKAN BOIKOT Produk Pro Israel. McD KFC Unilever dll https://t.co/eXLSH9O4Xe,Netral
Fri May 31 05:34:14 +0000 2024,Dampak Ngeri Boikot-Anti Israel Terlihat di Asia McD Cs Rugi-Tutup https://t.co/qSjsrMB5T6,Netral
Sat Jun 08 01:35:25 +0000 2024,bisa bisanya sohib gw bilang padahal kalo mau boikot gausah ajak ajak ya kasian karyawan mcd ,Netral
Mon Jun 03 16:15:21 +0000 2024,Seumpama mcm McD tutup semua restoran die kt msia sebb kite pro palestine.. then kite decide utk boikot mcd .. you hv been banned at the first placeeee,Netral
Fri Jun 14 13:10:27 +0000 2024,McD Jakal ini sebelum ada gaungan boikot beneran tempat yang mustahil buat sepi well ternyata beneran bisa üáµüá∏,Netral
Wed Jun 12 07:22:38 +0000 2024,Mula2 time boikot tu aku pun ngidam aiskrim Mcd Tahan punya tahan sbb boikot kan last2 memang xleh tahan. Kabo ke shubend dia pun serba saloh nk belikan. Last2 sbb Syg bini anak sgt kan gi la beli 2 cone. Lepas dpt xdop dh la meminta Mcdnya,Netral
Thu Jun 13 01:32:58 +0000 2024,@altazaro @bersama99_net @AmbarwatiRexy Ya die benerlah lu blg boikot itu pilihan masing masing tapi org makan mcd atau mnm kopi diseruduk bela Palestina tp kelakuan pun sama barbarnya sama Israel. Pdhl yg pakai istilah darah Palestina itu kalian sendiri.,Netral
Sat Jun 01 15:25:15 +0000 2024,wkwkwkwk solo project taeyong di boikot walo udh speak up ada idol yg collab sama McD tetep aja dibuka PO albumnya wkwkw milih2 juga ternyata boikotnya ,Netral
Tue Jun 11 03:03:59 +0000 2024,@barubikinlol Sumpah kek norak banget dah mereka beli mcd cuma buat ngeledek yang boikot padahal mah mcd biasa aja anjir enakan five monkey bangor dll udik udik kampung,Netral
Mon Jun 10 14:13:31 +0000 2024,@vesicaafellea Too much. Ini cuma McD. Dari sebelum ada boikot-boikot gua yakin kebanyakan orang juga tau menunya dan pasti pernah makan juga. Jadi tanpa dispill juga orang uda tau jir wkwkwk,Netral
Sat Jun 15 10:51:56 +0000 2024,@georgia_mis @fullmoonfolks gue dari sering beli jadi berenti sih ngomongin boikot nya sebatas di internal pertemanan dan kelurga aja selebih nya sering nolak pake cara lg ga pengen starbucks atau mcd atau apa lah itu soalnya gak mau ribetin diri sendiri kalo misuh2 wkwk,Netral
Thu Jun 13 04:53:15 +0000 2024,@masitanut @djancyuk @faizgoro @roarrrgh @sisthaaaaa Betul. Begitu pula sebaliknya brand2 yg terafiliasi untuk sumbangan dana secara universal contohnya McD mengganggap boikot jadi pressure sosial tersendiri untuk citra brandnya. Di Indonesia McD Indo sampe menyatakan dukungan bahkan ikut ngasi sumbangan dana juga.,Netral
Sun Jun 02 07:21:16 +0000 2024,terakhir gue minum sbx tuh sept tahun lalu gak makan mcd dah dari tahun lalu juga alhamdulillah gak kenapa-kenapa gue BOIKOT MAH BOIKOT AJA gausah alesan ah gak biasa gue minum kopi selain sbux ah gak biasa gue makan burger selain mcd HALAH BACOT LU GAK NIAT BOIKOT ITU,Netral
Tue Jun 04 01:21:27 +0000 2024,Sokong @anwaribrahim Yang patut diboikot tu mcd sebab yang bekal pesawat Big Mac senapang McShaker bom Quarter Pounder peluru McFlurry semua tu Mcd yang membunuh tu General Ronald punya kerja Sebab tu kita patut boikot mcd bukan tentera Israel mahupun syarikat senjata,Netral
Fri Jun 14 15:30:37 +0000 2024,@vrixxz @odydc Iya bisa jd begitu. Gw udh lama langganan mcd dlu bisa seminggu sekali beli tp makin kesini banyak brand lokal yg rasanya mirip /sama enaknya dg harga lbh murah dan potongan ayam lbh gede. Ahirnya mulai pindah deh jd pas boikot tuh emg udh jarang beli,Netral
Mon Jun 10 05:47:47 +0000 2024,@cingreborn Tolol parah plis boikot dari kerjaan apapun sumpah masa bisa setolol ini.. oke sok makan mcd tp gaperlu blg apa2 pls???,Netral
Sun Jun 09 00:24:43 +0000 2024,@kegblgnunfaedh Sy gak boycott sih. sebelum ada aksi boikot udah lama gak ke mcd kfc apalgi sb. Ya buat apa?? Jangan salah2in boikot. Salahin tuh strategi manajemen mu yg bosenin. Ngerasa makan di mcd kfc adalah makanan mewah padahal saingannya itu bejibun. Sabana olive dll..,Netral
Wed Jun 12 05:07:15 +0000 2024,Kok bs mau dibawa kosan cowok padahal ada indomaret gogo gacoan mcd kfc (kalau ga boikot) yang bisa disinggahin untuk nge-charge trs lu pesen gojek darisana mbak Ke pantai jam tiga pagi juga ngapain mau lihat sunrise mah ke sanur stengah jam lu sampe (dari DPS/JIMBO).,Netral
Thu Jun 13 11:15:35 +0000 2024,@alvR_001 @WatchmenID aku ttp nonton sih udh di nanti¬≤ soalny utk boikot aku ikut jg kek baned Starbucks KFC Unilever McD utk film aku ndk soalnya yg blg ban Dsny TPI mlh nntn Netflix pdhl merka sama ae :),Netral
Tue Jun 11 02:51:51 +0000 2024,@ratchaneefy @mbahnya_UN @vesicaafellea Menurut gw hal gni tuh 2 mata pisau. Lu pke sosmed biar bisa menebar awarness tp penggunaan sosmed jls2 masuk kantong zionis. Lu boikot MCD dll utk menutup uang msuk ke israel tp lu matiin sodara seiman yg kerja di McD. Jadi be wise aja sih,Netral
Sun Jun 09 02:59:05 +0000 2024,You know what ? Gua ngerasa lu pada gak fokus ke boikot lu pada cuma gak mau idol nya kena drag gegara colab. Kemarin kemarin yang jadi BA BA segala macem lu pada gak serame ini njir ?? Apa tau nya produk yang diboikot tuh sb sama mcd doang ??,Netral
Fri Jun 14 08:37:06 +0000 2024,Weh jujur ckap aku rindu nak makan ayam goreng dgan fries Mcd... since boikot ni tak makan lagi tapi tiba2 teringin nye....... ,Netral
Tue Jun 11 14:08:08 +0000 2024,@meinmokhtar Dgn mcd nak boikot tapi FB dgn Twitter milik yahudi/support Israel x pulak boikot? Pelik aku dgn malay Muslim hypocrisy ni,Netral
Wed Jun 12 02:49:53 +0000 2024,Viral Bocah Makan di McD Sambil Mengejek Palestina dan Gerakan Boikot https://t.co/76ZraflOmU,Netral
Tue Jun 04 09:41:32 +0000 2024,Makin yakin dengan boikot Danone Aqua,Netral
Fri Jun 07 13:50:50 +0000 2024,Saking mesranya danone dengan israel gw fokus untuk boikot Danone beserta yang lain nya termasuk Aqua,Netral
Tue Jun 04 09:21:39 +0000 2024,Udah dari dulu gw boikot Danone Aqua,Netral
Sun Jun 02 19:44:32 +0000 2024,gua ikut boikot produk yg bisa gua hindarin cuma kalo aqua kayanya ga mungkin gua boikot temen gua lebaran kmren ga megang uang karna sales aqua turun drastis :),Netral
Fri Jun 07 13:33:13 +0000 2024,Boikot Aqua di karna makin erat dengan israel,Netral
Tue Jun 04 09:04:27 +0000 2024,Boikot Danone Aqua,Netral
Wed Jun 05 13:54:01 +0000 2024,Tetap boikot Danone Aqua supaya induk Aqua si Danone tidak bisa mengalirkan dana ke Israel !!!,Netral
Tue Jun 04 09:44:29 +0000 2024,Peluang boikot Danone Aqua makin tinggi gais,Netral
Tue Jun 04 09:26:00 +0000 2024,Boikot Danone dan turunannya seperti Aqua,Netral
Tue Jun 04 06:55:10 +0000 2024,Di daerah kost jualnya cuma aqua sama le mineral sama isi ulang sendiri. Nyoba yang isi ulang ga cocok rasanya mau tetep aqua aja tapi boikot mau le mineral ko ya nyampah banget,Netral
Tue Jun 04 09:43:12 +0000 2024,Gw sih lebih baik boikot Danone AQUA dari pada berdosaa,Netral
Wed Jun 05 13:17:35 +0000 2024,Gass boikot Danone Aqua produk pro isriwil haram,Netral
Thu May 30 14:18:29 +0000 2024,Sebenernya aqua itu masuk list boikot engga?,Netral
Fri Jun 07 13:54:46 +0000 2024,Harus banget boikot danone Aqua kita ini karna memang di kenal bermuka 2 nya,Netral
Fri Jun 07 13:34:37 +0000 2024,Sayang bgt mereka gak mengerti betapa mengerikan nya israel kita sebagai muslim wajib untuk boikot Aqua,Netral
Wed Jun 05 16:06:34 +0000 2024,Danone aqua jelas gak etis dan makin yakin untuk boikot danone aqua,Netral
Tue Jun 04 09:18:58 +0000 2024,Selagi mampu boikot produk terafiliasi seperti danone Aqua kenapa nggak,Netral
Fri Jun 07 13:49:46 +0000 2024,Gak tertarik sudah dengan danone Aqua karna sudah gw boikot diri,Netral
Fri Jun 07 13:48:04 +0000 2024,jgn lah kalian berputus asa dengan boikot padahal boikot berdampak baik bagi nasional dan juga Palestina Tetap boikot Danone Aqua,Netral
Sun Jun 02 09:08:05 +0000 2024,Dan kalau dilihat perkembangannya lembaga YKMI ini emang sangat progresif dan relawan2nya militan banget untuk urusan yg menyangkut Palestina. Tapi aku tetep ga nyangka sih mereka akan seberani ini mengkampanyekan boikot Danone Aqua langsung di depan stand promosi produk tsb. https://t.co/Ett0KXtqvG,Netral
Wed Jun 05 15:56:48 +0000 2024,Boikot danone Aqua geram banget gw,Netral
Tue Jun 04 09:03:11 +0000 2024,Boikot produk pro Israel Danone Aqua,Netral
Tue Jun 04 09:35:25 +0000 2024,Boikot aja emang tuh Danone Aqua Meresahkan,Netral
Sun Jun 02 09:43:19 +0000 2024,gaada yg mau boikot timnas mereka minumnya aqua tuh awowkwowk #TimnasDay,Netral
Fri Jun 07 13:21:54 +0000 2024,Boikot Saja Aqua padahal sudah jelas kalo Aqua terafiliasi israel masih ada aja yang ngasih panggung,Netral
Sun Jun 02 12:15:22 +0000 2024,Emang bikin heran. Bisa2nya mereka ngaku gak diboikot padahal jelas investasi di Israel. Gede lagi investasinya Ngeriii Kalo gw sih udah pasti boikot nih brand. Udah jelas strategis banget posisi Aqua ini jadi penyokong Israelll @sehatAQUA https://t.co/rNOwKa5eHx https://t.co/J0BFPoK4sB,Netral
Wed Jun 05 15:34:08 +0000 2024,jangan biarkan produk zionis dikasih panggung yang ada mereka akan menjadi jadi tetap konsisten boikot produk seperti danone Aqua,Netral
Wed Jun 12 11:26:05 +0000 2024,kemarin catut nama tanpa izin dari sini aja bisa ngeliat arah tujuan agar tidak di boikot itu pasti Danone aqua,Netral
Sun Jun 02 12:17:07 +0000 2024,@sehatAQUA Tapi jangan cuma boikot Danone Aqua doang. Boikot juga yang lainnya!!! Buat yang masih bingung boikot apa aja boleh dicek daftar boikot yang udah dikeluarin YKMI di sini. Gak cuma Danone Aqua Free Palestine üáµüá∏ @sehatAQUA https://t.co/tb9IKRp8iX https://t.co/vnsBamm1qP,Netral
Tue Jun 04 09:33:37 +0000 2024,Sampai kapan pun Danone Aqua akan terus di boikot,Netral
Tue Jun 04 09:17:52 +0000 2024,Boikot danone Aqua setiap yang kalian beli mengandung darah palestina,Netral
Tue Jun 11 08:41:43 +0000 2024,@txtoranggabut Please ya manteman jangan boikot Aqua lagi karena benar¬≤ Aqua dukung Palestina.,Netral
Fri Jun 14 18:26:44 +0000 2024,boikot aqua gaje,Netral
Mon Jun 03 03:19:02 +0000 2024,gw mau boikot aqua tpi asam lambung kumat beli di warung adanya aqua ya suda ak beli. klo maksa beli yg lain cenut cenut ni perut. tdk sarapan dn lupa bawa minum,Netral
Sun Jun 02 12:16:03 +0000 2024,@sehatAQUA Jngan sampai kita kalah sama mbak mas YKMI yang bangga dan berani ajak boikot Danone Aqua di depan acaranya langsung Gak cukup kita cuma posting All Eyes on Rafah di media sosial. Harus juga ada aksi nyata bantu Palestina. Cara gampangnya boikot produk2 terafiliasi Israel. https://t.co/SyzidsWVxn,Netral
Tue Jun 04 12:53:43 +0000 2024,Tadi beli camilan di Alfa***t bareng anak dan tayangan promo di belakang kasir ialah Bear Brand dengan BA: Nicholas Saputra. Nestle (Bear Brand) &amp; Danone (Aqua) itu masuk daftar boikot karena mendukung Israel. Promosi silakan. Boikot tetap jalan. https://t.co/rgwUYPjlbN,Netral
Wed Jun 12 11:30:03 +0000 2024,Makin gw untuk boikot danone Aqua,Netral
Thu Jun 13 00:53:55 +0000 2024,Boikot Aqua selama Danone berpihak Zionis,Netral
Tue Jun 11 08:22:15 +0000 2024,@txtoranggabut Mantap Aqua yang selalu terus menerus dukung Palestina dan semoga semuanya melepaskan boikot Aqua.,Netral
Thu May 30 12:14:18 +0000 2024,Rill itu dipikir kenapa aqua mendadak bikin iklan pake pekerja mereka yg udh kerja puluhan taun dan pake embel2 Indonesia asli??? Ya karna boikot ini laaahh,Netral
Sun Jun 02 13:46:52 +0000 2024,Sejumlah aktivis yang tergabung dalam Solidaritas Mahasiswa Untuk Rakyat Palestina (SMURP) menyerukan aksi boikot produk terafiliasi Israel di dalam agenda kegiatan Karnaval Sehat Aqua yang berlangsung di Plaza Barat Gelora Bung Karno (GBK) https://t.co/GUnuGdSMjT,Netral
Sun Jun 02 07:12:13 +0000 2024,tadi gue ke indomaret rencana mau beli air botol. sumpah semua merek air lokal abisss sisa si aqua aja yg menggunung. mantapppp boikot terusss,Netral
Wed Jun 12 11:13:36 +0000 2024,Kelakuan produk zionis emang beda harus bgt kita boikot danone aqua,Netral
Wed Jun 12 11:15:48 +0000 2024,Boikot ges inget danone aqua itu terafiliasi,Netral
Thu Jun 13 13:57:27 +0000 2024,Skin aqua tuh boikot ya?,Netral
Sun Jun 02 14:09:19 +0000 2024,People ngebacot : boikot starbucks boikot aqua boikot mcd boikot bear brand sampe ada artis verified ikutan demo demi igsnya doang. While for papua they are all silent. For geruduk2 org ibadah u guys are silent. Lol,Netral
Thu Jun 13 04:36:20 +0000 2024,cuy skin Aqua tuh boikot kah???,Netral
Wed Jun 12 11:24:48 +0000 2024,yang udah boikot gak salah emang Danone aqua licik bgt,Netral
Mon Jun 03 02:59:34 +0000 2024,diem deh bapak yg melanggengkan kerjasama ama aqua pdhl kita lg boikot,Netral
Sat Jun 01 12:48:29 +0000 2024,@noopiieeeeee Boikot #aqua,Netral
Sun Jun 09 10:25:16 +0000 2024,i'm discovering today that my classmates aka temen prodi esp yang laki masih anti boikot. bitch what argumen dia kalau mcd diboikot karyawannya yang kena CLASSIC ZIONIST. ada yang gw lihat fyp tiktoknya ngebicarain aqua dan korelasi sama airnya dari subang (cont-),Netral
Thu May 30 01:59:46 +0000 2024,Sebetulnya boikot itu wajib atau gak guys? Aku mau ikut boikot tp bapakku kerja di aqua ottokeh:( Tp aku 100% pro palestine kokk,Netral
Sat Jun 08 14:44:11 +0000 2024,@kaptenAmercia dari awal jg ga percaya dan gaikut boikot aqua ternyata bener kann tuhh,Netral
Wed Jun 12 13:07:47 +0000 2024,Aqua danone lagi kena boikot juga btw,Netral
Fri May 31 02:14:36 +0000 2024,Mau boikot boikot tapi aku ketergantungan AQUA,Netral
Sat Jun 08 14:59:02 +0000 2024,@kaptenAmercia stop boikot aqua udah jelas bgt nih statementnya,Netral
Fri Jun 07 15:48:52 +0000 2024,@sayyang___ Gk pernah mau asal boikot aqua kalo gk ada bukti dan bener kan,Netral
Sat Jun 08 14:21:06 +0000 2024,@kaptenAmercia bener kan. udah ga perlu boikot aqua lg udh jelas nih statementnya,Netral
Thu Jun 06 09:47:34 +0000 2024,@yangbikinrinduu Aku udah ga boikot aqua lagi udah sadar kalo aqua itu dukung Palestina. Yuk manteman stop boikot aqua,Netral
Fri Jun 07 08:22:01 +0000 2024,@cursingname a-apakah karena boikot aqua?,Netral
Wed Jun 12 11:20:11 +0000 2024,sudah selayak nya danone Aqua itu untuk di boikot,Netral
Wed Jun 12 00:10:25 +0000 2024,@Bersajak_id Stop boikot aqua dong sudah jelas selalu dukung palestina dan kasi banyak bantuan lho,Netral
Wed Jun 12 00:24:50 +0000 2024,@Bersajak_id kita pun juga harus pinter biar gak kemakan hoax jadi wajib cari berita valid perihal boikot aqua ini,Netral
Tue Jun 11 23:58:22 +0000 2024,@Bersajak_id Emang jaman sekarang berita hoax ada dimana mana jangan asal percaya ya guys jangan boikot aqua,Netral
Tue Jun 11 07:50:52 +0000 2024,@txtoranggabut finally aqua tegas juga kalo mereka tuh pro palestine. stop boikot aqua,Netral
Fri Jun 07 15:36:51 +0000 2024,@matyhir Udah stop boikot aqua yuk. Baca nih artikelnya. Dia udah bela palestina lohh,Netral
Wed Jun 12 00:55:51 +0000 2024,@Bersajak_id @UrFavBoy0810 Yuk kita sama2 support yg emang supoort palestina jangan asal main boikot aqua,Netral
Fri Jun 07 15:28:44 +0000 2024,@matyhir Yuuk literasinya dibanyakin lagi nih yang masih boikot aqua. Baca nih kalo aqua dukung palestina,Netral
Fri Jun 07 15:25:21 +0000 2024,@matyhir Masih banyak banget yang ke makan hoax ya. Kasian lo karyawan aqua ikut kena dampak. Yuk stop boikot aqua,Netral
Fri Jun 07 15:57:06 +0000 2024,@sayyang___ Nah kan jelas-jelas lho Aqua gak ada kaitannya dengan Israhell malah bantu Palestine. Ayoo yang salah boikot balik Aqua dulu,Netral
Fri Jun 07 15:56:07 +0000 2024,@sayyang___ iya aku dah baca beritanya pas rilis. Aqua memang ga masuk daftar boikot karena aqua dukung palestina,Netral
Fri Jun 07 15:40:30 +0000 2024,@matyhir Aqua sudah banyak membantu dan memberikan bantuan kemanusiaan untuk Palestina jadi saya gak pernah boikot produk Aqua,Netral
Fri Jun 07 15:27:19 +0000 2024,@matyhir iya pliss jangan asal boikot aqua dukung palestina loh. harus bijak milah informasi yang ada sekarang tuh dikit2 hoax,Netral
Fri Jun 07 15:48:49 +0000 2024,@sayyang___ Aqua Danone dari dulu setau ku pro Palestina loh udh banyak beritanya makanya saya gak pernah boikot produk aqua,Netral
Sun Jun 09 10:55:15 +0000 2024,@kaptenAmercia Nah bagus biar jangan salah lagi deh main boikot aqua,Positif
Sun Jun 09 13:49:22 +0000 2024,@kaptenAmercia nih ya pada baca yg kmren boikot aqua udh kasih statement jelas nih,Netral
Sun Jun 09 16:05:58 +0000 2024,@kaptenAmercia Yukk gaess stop boikot aqua aqua udh ksih statement kalo mereka pro palestina,Netral
Fri Jun 07 16:04:28 +0000 2024,@sayyang___ Yuk jangan boikot aqua lagi karena dia membantu palestina nih guys,Netral
Sat Jun 08 14:36:42 +0000 2024,@kaptenAmercia Mana nih para netijen yang boikot aqua kemaren? Udah pada baca artikel ini belom? Baca gihh,Netral
Fri Jun 07 16:16:00 +0000 2024,@sayyang___ Udah banyak donasi masih aja kena boikot. Kasihan aqua nih guys. Stop boikot yuk,Netral

"Oreo deh lagi boikot soalnya.,Netral
"angga pas tau oreo collab sama pikachu Ô∏è‚Äç angga pas tau oreo di boikot Ô∏è,Netral
"Kurang kan snacks tu. Terapkan dri awal. Kt rumah ni yg halal oreo and air yogurt je. Since boikot ni oreo pun aku tak beli. Aku x suka mkn biskut sbb manis sgt n lekat kt gigi so aku x beli. Tp bila pegi rumah inlaws sebekas biskut/jajan.,Positif
"Ternyata di sakinah ga boikot oreo,Netral
"kentang goreng tuh cocok woy dimakan sama mcflurry oreo tp mcd di boikot sih wkwk,Netral
"Aik ampa tak boikot milo oreo kitkat ka wey? Tanya ja.,Netral
"oreo kena boikot. es oreo favku diganti ap yhh? :((,Netral
"kalian nggak tau kalo oreo di boikot? gws deh,Netral
"semalem belanja ama temen terus kita ngobrol pingin oreo banget ga sii iyaaa tpi boikot ya boikot ,Netral
"masih walaupun rindu double spicy burger dengan oreo mcflurry mekdi tapi boikot tetap boikot huhuhu,Netral
"oreo tuh boikot ya? mau beli yg collab sma pokemon . . .,Netral
"jadi inget dulu waktu sd udah mulai diajarin buat boikot brand. dimulai dari produk yang biasa anak kecil beli kaya oreo nestle cola pepsi. tapi anak umur segitu belum paham alasan kenapa harus boikot dan mungkin cara guru jelasin ga gampang diterima siswa jadi masih suka beli,Positif
"dpt undangan dari oreo mereka produk boikot kan ya?,Netral
"oreo di boikot kan ?,Netral
"pdhl aku dah nahan diir buat ga beli oreo grgr di boikot jdnya kan las dikasi org seneng gt akhirnya bs mam oreo lg setelah sekian lama boikot TRUS DIKASIIN ORG BABI,Netral
"LUPA OREO PRODUK BOIKOT AAAAAAA,Netral
"salah satu produk boikot yg gue kgn banget adalah OREO,Netral
"Kecewa bgt kalo liat orang yg ga boikot ponakan gw yg kecil aja boikot oreo yg biasanya ada di rumah gw tiap lebaran tahun ini ga ada karena boikot dan itu dia minta lngsung trus kalian yg udah gede hanya secuil es krim m*d pun ga mampu nahan hawa nafsu #blockout2024 ,Netral
"kesel banget ngasi tw temenku tentang produk produk yg diboikot kaya sampai kapanpun dia gabakal ngerti kayanya wkwkwkw. bilangnya kalau semua diboikot kita makan apa padahal banyak alternatif makanan yg gabeda jauh kaya boikot oreo ada goreorio,Netral
"meski bawa2 Pokemon tetep boikot oreo.,Netral
"bgst ini penumpang belakang ngelawak mulu anying : lu mo oreo gak? : boikot cuy dia dukung israel : eh ajg lu tadi makan mcd kampang ujung2nya tetep makan oreo,Netral
"Ges slai olai gx masuk daftar boikot gx? Soalnya mak gw beliin itu setelah oreo gx di bli lgi,Netral
"Wah repnya... Alhamdulillah Soalnya pas ada menfess oreo pikacu ini di base lain (lupa base apa) hampir gaada yang rep soal boikot (atau emang gaada ya?). Isinya cuma rep lucu lucu gemes enak gitu... (Jujur mau rep waktu itu juga sungkan takut party pooper maaf),Netral
"kami gk mau buruk sangka tp ini sering terjadi. tiap ada kucing liar yg kami rawat seminggu krg tb2 hilang &amp; gk terlihat lg. sepertinya dibuang tetangga. soalnya tiap hilang tiba2 sj diberi banyak oreo seakan utk menyuap kami supaya tidak marah tp oreo pun produk boikot ,Netral
"Ya Allah guee lupaa Oreo di boikot kan yaa buset dah mana we kmrn makan itu. Oke next kita gak boleh jajan Oreo lagi!,Netral
"Ngl gw dlu itu suka banget sm Oreo sampe akhirnya tau Oreo produk isriwil. Dlu itu gw bisa aja tiap bulan beli se kardus saking sukanya. Tp krn sekarang di boikot yaa jelas gw ikut boikot lahh. Trus akhirnya gw cari alternate lain yg mirip oreo gt but the taste ain't the same,Positif
"hallo aku mau tanya dong kan kita dsn kebanyakan ya orang' indo juga masih pada pake barang' boikot terutama Starbucks McDonald's atau jajan alfa Indomaret yang di boikot seperti Oreo tapi kenapaaaa kok idol langsung diserang yaa diskremer bukan pembelaan cmn tanya sajaa,Netral
"kalo misal kita udah beli produk non boikot semacam point coffee tapi belinya minuman cookies and cream sedangkan cookiesnya biasanya Oreo. itu gimana jadinya?,Netral
"fullcream + oreo seenak itu .. tp oreo boikot jd fullcream + goriorio ,Netral
"Alternatif oreo apa ya ngidam berat tapi boikot.,Netral
"sedih gabisa makan oreo karna boikot TAPI LEBIH SEDIH ORANG-ORANG DI PALESTINA HUHUHUHU,Netral
"Sbux kfc mcd dunkin gaada di bjn Nscfe kagak doyan Ph cadburry kagak punya duit buat beli Bango aku pakenya kecap laron Soda2an mulai nyoba ngurangi konsumsi jadi belom beli lagi sejak boikot Paling cuman galon aqua sama oreo itupun sisaan bulan kemaren belom abis2,Netral
"Internet disana lebih kenceng. Mana mungkin ga tau bjir. Mas2 creepes langgananku aja berenti pake oreo karena di boikot. Masa orang sana yg udh melek teknologi ga tau ‚ÄçÔ∏è,Netral
"Since oreo msih kena boikot AKU NEMU DUPENYA CUY ENAK BETUL,Netral
"Beli nabatinya aja yaa yg oreo boikot,Netral
"gg jg oreo keluarin pokemon biar orang lupa kalau itu salah satu produk yang kena boikot,Netral
"KARENA MILO SM OREO BOIKOT SO GUE BAKAL GANTI USNM. SAY GOODBYE FUCK,Netral
"W kan baru buka warung ya. Terus gue belanja tuh apa aja yg dijual. Pas udh buka otomatis jajanan w tata dong dietalase. W lupa klo lgi boikot produk isr!wil ini. Eh w malah beli oreo softcake dong itu juga dikasih tau sama anak2 yg jajan ke warung gue Yaallah maafkan saya,Netral
"adek gue yg masi sd aja bener¬≤ semangat tentang palestina beli bendera palestina ga mau makan oreo dia tau itu di boikot katanya ,Netral
"halah All Eyes On Rafah All Eyes On Rafah LU NOH MASI KE MCD AMA PACAR LU TIAP WEEKEND ngentot. udah staun lebih gua kaga makan makanan kesukaan gua (McSpicy Chicken McFlurry Oreo) krna boikot bsbsnya ada yg terang2an bli McFlurry di up di sg lagi ngentot,Positif
"Psstt Gigi nye cookies and cream sebijik rasa ice cream oreo boikot tu nanti rasa lah,Netral
"ya allah sbnernya aku pengen banget oreo dari 2 minggu yang lalu tapi ga boleh hrus still boikot aku bisa aku kuat aku keren,Netral
"Adalah hal yg berat ketika gw memboikot KFC Pizza Hut Oreo Walls Kraft Cadbury Toblerone dll semua produk itu kesukaan gw sejak kecil tapi gw tetap harus boikot permanen,Positif
"Kangen bgt mau makan oreo tapi masih boikot ,Netral
"ini oreo kena boikot ga sih lupa.. ada OREO x POKEMON BJIRRRR pingin,Netral
"Tbtb kepingin oreo tapi produk boikot,Netral
"Cuman awareness boikot ini gak sampe daerah kecil ya aku kemarin di semarang oreo bahkan sampe jatuh harga banget giliran pas pulang aku lihat masih harga normal beberapa produk yang kena boikot juga begitu..,Netral
"sementara ini produk jualan aku yang kena boikot cuma oreo crumb yang lainnya alhamdulillaah lulus sensor ,Netral
"Sejak boikot oreo.. nabati boleh replace oreo sedapppp,Netral
"Hgjgkfnfbdjzndhsn kan gw kl masalah boikot produk ikutin acuan @BDSmovement ya nah gw mau beli oreo soft cake buat berbagi eeeh g boleh gr kraft salah 1 produk yg di boikot tulung info kl emg produk itu pro israel gw g update karena acuan gw cm dr bds movement itu,Netral
"bm oreo goren tpi lgsg keinget klo oreo kn di boikot hiks ,Netral
"susah boikot oreo karna sesuka itu,Positif
"Kebita banget pengen beli oreo yg pokemon tapi masih nahan-nahan kuat buat nge boikot ,Netral
"Gapapa deh boikot mekpluri. Mixue oreo enak tsayyy,Netral
"Lagi satu kalau korang nak try GIGI COFFEE tapi tak tahu apa yang sedap korang try dia punya Cookies &amp; Cream!!! Lps tu add oreo crumbs lebih!! Pergh rasa dia mmg sama dengan ice cream oreo yg kena boikot tu!! I kalau tak mkn ice cream tu i beli air tu!! You re welcome,Netral
"@tanyakanrl berhubung boikot oreo lumayan nder topping oreo gratis itu,Netral
"Tiktok isinya beneran banyak yg kurang edukasi soal boikot produk2 yg kerja sama dgn zionis ada vt orang lagi unboxing Oreo yg kerja sama dgn kartu uno. Trus beberapa komen ada yg ingatin soal boikot yg ingatin malah disalty-in.,Netral
"@convomf Orang mah boikot mcd oreo kfc dll tp orang2 kaya belinya langsung dior ysl channel(?) dll hahaha lucuu bgt kita boikot mati2an tp ada aja orang ignorant,Netral
"kemarin ak pen beli es klim oreo yg biasa ak minum tapi itu di boikot yaa yaudah gajadi bener ga sih oreo itu di boikot???? let me know,Netral
"Hmm teringat yang i order Starbucks at shopeefood lepas tu rider terpaling boikot baling i punya order sampai pecah &amp; tumpah lebel makanan i tu makanan haram.,Netral
"Yukk bisa yukk terus boikot sbux mcd unilever (lifebuoy pepsodent sariwangi abc royco aqua walls molto rinso dll) kfc pizzahut burgerking danone oreo cocacola sprite nestle nescafe kokokrunch fanta milo pringles garnier loreal nivea kraft vaseline dll,Netral
"Biasa yang dipajang di kasir kinderjoy skrg Oreo pun. Boikot ngaruh! Mereka jadi promo gencer banget.,Netral
"Aku suka oreo tp sedang ku boikot apakah aku bisa menikmatinya lagi?,Positif
"Oreo ada Pokemon punya edition la harey aku tengah boikot ni,Netral
"hallo sobat -unj !!! kami ada danusan menarik nih!! jadi kita ada niatan jual oreo goreng tapi dikarenakan kami sedang menjalankan boikot produk tsb kami ganti jadi goriorio goreng ada yg minat ga guys? kalo minat boleh rep di bawah ya oh iya satu pack (cont),Netral
"Karna oreo di boikot aing jd mam goriorio. ,Netral
"bangga sama bang windut dia takedown video collab sama oreo karna masuk ke dalem list boikot,Netral
"Oreo kene pakai lard dulu baru boikot ...,Netral
"Udah ga makan Oreo lagi nder dari dulu soalnya eneg aja gitu tapi Alhamdulillah dah ada kasih tau Oreo ini di boikot jadi lanjutin aja dah,Netral
"Rasa nak oreo tapi oreo boikot. Ujian dunia,Netral
"Akuu masih boikot sampe ke produk sehari2 ataupun makeup skincare kaya garnier unilever nestle loreal maybelline cadbury oreo danone,Netral
"Gk beli oreo pikachu karena tetep boikot kartu bisa difotocopy kok...,Netral
"Kalo aku pribadi selain boikot produk yang tertera aku berusaha sebisa mungkin buat gak beli produk yang terafiliasi lainnya kaya oreo lifeboy carnation dll. Aku gak mau uang ku dipakai untuk membantai manusia even itu cuma seribu atau dua ribu. Aku percaya kalau niat-,Netral
"Knp oreo harus produk israel yg di boikot kah..,Netral
"oreo yg pikachu enak bgt lagi tapi kata bunda gua oreo boikot kah????,Netral
"ya Allah ampuni ak blom bisa boikot oreo sm nutella soalnya dibutuhin di olshop ak ya Allah,Netral
"Setelah tau kalo MCdonald Burger King KFC dll yg sbg penyumbang buat Israhell Gw yg dulunya kemana mana harus beli salah satu dari itu Alhamdulillah sekarang gw gk nafsu gw liat aja udah muak Selain gk sehat kita jg bisa bantu saudara Palestina dg boikot #FreePalestine https://t.co/fVXFoG35tH,Netral
" Aku suka aku suka makan Burger King. (Capres 02 Prabowo Subianto) Waduh Bapake! Burger King itu masuk daftar boikot netizen karena Burger King mendukung Israel serang Palestina #DugaanKorupsiKemenhan #DugaanKorupsiKemenhan https://t.co/tCo7aiuQEj,Positif
"Pak ayo boikot Burger King https://t.co/FCzf5emdRc,Netral
"Emang gk terkontrol org ini Kepleset lg Burger king kt boikot krn pro israel lo malah terbuka bilang suka Lo pro israel jg? https://t.co/0wMO7Iuq7b,Positif
"logika dari gerakan boikot bertujuan memberikan tekanan secara ekonomi agar negara yang diboikot dapat mengubah putusan atau tindakan yang dinilai konsensus tidak adil dan tidak benar. #BoycottProdukIsrael EndIsraelsGenocide Arab Saudi Burger King Yaman #FreePalestine US and UK https://t.co/sUQrVQxP25,Netral
"Thisss tetap BOIKOT sampai kapanpun.... ingatlah darah anak¬≤ Palestine yg tak berdosa.... Burger King https://t.co/E8kJiMFEXT,Netral
"Pekerja GIG ni byk pada fast food (McD KFC Pizza Burger King Dominos) semua fast food ni semua kena boikot lepastu grab FP dll kurang permintaan perkhidmatan. Bila dah tak untung kau desak minta naik komisyen memang tak dapat lah. Si tongoi ni lak tumpang publisiti https://t.co/E1Yzf0Gwrk,Netral
"@tempodotco Wah pak jangan dilanjut ya yuk boikot Burger King https://t.co/7cIyQekNUd,Netral
"Setiap dikasih mic selalu ada aja blundernya eyang ini. Burger king pdhal posisi nya mendukung Israel sehingga sedang di Boikot sama umat Islam di Indonesia sampai ada fatwa MUI juga loh. Eyang eyang.... #AMINAjaDulu https://t.co/c7XqOrDBrN,Netral
"Produk-produk yang disebut terafiliasi dengan Israel: 1. Starbucks 2. Kfc 3. Dominos 4. Burger king 5. Pizza hut 6. Mcdonalds 7. Wingstop,Netral
"Prabowo dengan bangga bilang Suka Burger King! Padahal Burger King itu masuk daftar boikot netizen karena Burger King mendukung Israel serang Palestina https://t.co/PblMqt674A,Positif
"Capek-capek kita memboikot produk yang mendukung Israel Prabowo malah menunjukkan sikap antitesis terhadap gerakan boikot. Jarang mau hadir diskusi sekalinya hadir malah bikin blunder. (Burger King Israel supports IDF by providing free food and drinks to Israeli militants) https://t.co/CryAzwB6RN,Netral
"Apa itu Burger King? Ternyata burger UMKM enak banget bjir mana murah wrwrwrwr Urusan boikot memboikot ini bikin gw banyak explore makanan yang sebelumnya ga gw tau https://t.co/M9aPIVzkl9,Netral
"Seberat-beratnya mahasiswa semester akhir masih lebih berat kerjaan buzzernya pak prabowo blunder lagi blunder lagi mayoritas orang Indonesia dukung Palestina dengan Boikot produk Israel eh ini malah bilang suka makan burger king. Kayak pendukung ANIES dong suka bubur ketan https://t.co/kODfLUSMW2,Positif
"Prinsip boikot itu ga asal¬≤an kak. Harus selektif agar efektif &amp; strategis. - Burger King masuk list BDS - Starbucks walaupun ga masuk tapi ttp disarankan diboikot krna mereka pernah bermasalah dgn serikat pekerjanya yg mendukung Palestina - Unilever CEO-nya Alan Jope pernah ~,Netral
"Lagi aja kemarin liat wind breaker collab sama burger king Tetep boikot burger king terus,Netral
"Prabowo Ngaku Suka Makan Burger King Netizen: Rakyat Capek-Capek Boikot Produk Israel Dia Malah Endorse https://t.co/1xTcEoyNN2,Positif
"Drpada ngandelin anecdotal evidence mending liat aja lapkeu MAPI yg pegang brand2 diboikot ky Sbucks Burger King dll. Thn 2023 sma Q1 2024 penjualan MAPI naik dr tahun sebelumnya jd keliatannya no/minimal impact. Tp hrs diliat jg siapa tau produk non boikot MAPI salesnya naik. https://t.co/0ZLkXgrmz2,Netral
"Katanya mau suport UMKM kok malah lebih suka produk barat. Apalagi suds jelas burger king lagi di boikot karena pro zionis israel apa jangan2 ikutan juga pro zionis israel ya ? Makin berat nih tugasnya TKN dan para buzzer nyebokin nih orang. @kurawa @DedynurPalakka https://t.co/9VVaLKsBno,Positif
Thu Mar 14 16:53:38 +0000 2024,Pgn tetap boikot produk israel tp jujurly gw udh lama ga makan burger king,Netral
Sun Jan 14 07:30:34 +0000 2024,Malaysians tak main2 bab boikot Lunch hour di melawati mall Subway burger king - kosong Marrybrown dan lain2 kedai - penuh!,Netral
Wed Dec 27 05:08:34 +0000 2023,Dampak boikot YouTuber Alman Mulyana menyoroti kondisi restoran cepat saji Burger King KFC dan Buffalo Wild Wings yang bangkrut di Arab Saudi https://t.co/aUpvhnHkHr,Netral
Tue May 28 15:58:56 +0000 2024,same kek temen gw gembor2 soal boikot tapi tetep ngerayain ultah di burger king KEK????????? dengan bagusnya story wa dia ada 3 tau isinya apa?? 2 story pertama tentang Palestine dan isu boikot terus story yg terakhir video dia ngerayain ultah di buger king,Positif
Sat Apr 20 02:27:47 +0000 2024,Kemain boikot mcd apa semua sekali dia makan burger king. Bukan sama je ke? ,Netral
Fri Jan 12 07:27:28 +0000 2024,Kemarin bilang Gaza lemah lanjut bilang suka Burger King padahal jelas-jelas itu masuk salah satu daftar boikot karna dukung Israhell. Udah clear yaa di mana ni capres berpihak?,Positif
Wed Mar 06 12:08:30 +0000 2024,Masih boikot: Sbux Pizza hut Burger King BBW Ngaku dikit kemaren stres banget dan butuh tempat akhirnya ke mekdi... hiks. Tapi yg lain masih koo~~ Pizza nemu Cheese n Dough yg keluaran korea enak juga!,Netral
Fri May 31 12:12:04 +0000 2024,Menurut gue gerakan boikot ini dilakukan setelah serangan 7 Oktober 2023 dan muncul nama-nama brand yang terang-terangan funding Israel Top priority ada di HP (merk laptop) AXA. Kemudian Disney McD Starbucks Burger King Follow up di https://t.co/FhIywkJmiy,Netral
Sat Jan 13 06:11:25 +0000 2024,Prabowo ngaku suka makan Burger King netizen: Rakyat capek capek boikot produk Israel dia malah endorse https://t.co/gzib1OT44t https://t.co/gzib1OT44t,Positif
Wed May 29 18:33:54 +0000 2024,Krn disini gaada burger king dlu dia suka nganterin burger king ke rumah ketika dia pulang dari jakarta sebab gue suka burger king. Alhamdulillah burger king di boikot anggep aj itu alasan dia gabakal ngntr tu burger pdhl alasan sebenarnya krn .,Positif
Sun Feb 25 13:27:23 +0000 2024,Capresnya doyan Burger King Cawapresnya doyan Starbucks berat betul perjuangan Bu Retno di Forum Internasional bela Palestina https://t.co/mLc9337BZT #MenembusBatas #freepalestine #israel_penjajah #boikot Selengkapnya : https://t.co/dnxLo4hEdX https://t.co/hG3mrqYtXf,Netral
Sat Apr 20 18:35:34 +0000 2024,Eh burger king tuh masuk list boikot kah? I'm craving their cheesy fries ,Netral
Sun Feb 25 04:52:16 +0000 2024,Ibu Retno mewakili Indonesia untuk membela kemerdekaan Palestina di forum dunia. Sementara di negerinya sendiri ada capres yang doyan makan burger king dan bilang Gaza lemah. Dan cawapresnya yang doyan sbux produk boikot. Ironis! ,Netral
Thu Apr 18 13:01:01 +0000 2024,Peeps burger king di boikot ga,Netral
Fri Apr 05 19:59:21 +0000 2024,eh burger king tuh boikot apa ga si?,Netral
Fri Jan 12 15:26:10 +0000 2024,Tolong jgn stop boikot mcd sbux burgerking pizzahut kfc (di beberpa outlet masih rame). Enlighten orang2 terdekat untuk bantu menekan jionis,Netral
Fri Apr 19 16:57:03 +0000 2024,Liat Wind breaker collab sama Burger king rasanya sedih Pokoknya tetep boikot produk2 pendukung genosida ,Netral
Tue Feb 13 08:39:58 +0000 2024,guys mau ngingetin!! banyak tempat makan yang perlu kita boikot bikin promo (like mcd burger king phd dll). please jangan terlena!!! keep boycotting ‚ÄºÔ∏è,Netral
Mon Jun 03 13:09:06 +0000 2024,so far brand yg udah secara konsisten gw boikot dan semoga selalu konsisten: - nestle - starbucks - pizza hut - kfc - mcd - burger king masih akan terus pelan pelan boikot yg possible buat diboikot,Netral
Fri Nov 03 09:14:49 +0000 2023,merugikan dari mana deh?? gw sama abang gw yang pelanggan tetap ikut ngeboikot mekdi/burger king dengan beralih ke umkm indo kek burger bangor traffic bun.. itu ngerugiin??? gw gakngerugiin siapapun dan bentuk boikot yg gw lakuin itu adalah penolakan keras atas tindakan israel,Netral
Sat Mar 09 18:25:56 +0000 2024,@AlifahRatu tapi kesel banget si sama yang ga bisa boikot sbux mcd kfc burger king dll yg sejenis. emang kalo lu ga konsumsi itu mati ya,Netral
Fri Jan 12 23:18:08 +0000 2024,Capek2 kampanye boikot produk terafiliasi zionis eeh ada bapak2 random bilang Aku suka Burger King Jd pengen nangis live akutu..,Positif
Sat Jun 15 12:32:51 +0000 2024,Suami ku begitu masuk mall langsung bilang mah berarti gak boleh beli burger? tau banget aku dia suka banget sama burger dari burger king gegara boikot sebelum berangkat udah tak kasih tau. Padahal boleh beli burger asal merk lain.,Positif
Sun Feb 25 04:39:34 +0000 2024,capresnya doyan burger king cawapresnya ketauan minum starbuck eee skrg timsesnya promosiin pizza hut padahal awal perang gaza kemarin heboh nyeruin boikot di podcastnya deddy corbuzier. makan apapun minumnya ya ludah sendiri,Netral
Sun Apr 07 02:33:40 +0000 2024,Burger king termasuk di boikot gak ya?,Netral
Mon Feb 12 15:51:04 +0000 2024,Jangan lupa boikot burger king‚ÄºÔ∏è,Netral
Tue Mar 05 13:14:51 +0000 2024,rekan kantor gue kocak bgt blio nanya kurma yang enak apa gue jawab semua enak asal bukan bikinan üáÆüá± dia kaget karena ternyata ada buru-buru googling biar bisa di boikot. tolonglah sendirinya msh makan mcdonald burger king atau bahkan produk lain yg terhubung ke üáÆüá±,Netral
Thu Feb 29 11:06:00 +0000 2024,Kita minim udah boikot produk pro Israel pak. Lha bapak malah suka Burger King.,Positif
Wed Jan 24 10:51:37 +0000 2024,coba bayangin lo koar2 trs speak up soal palestine si medsos eh sm paslon yg didukung lo dibilang gaza lemah gwe sih udah cancelled ya mana blg juga suka burger king?!? yg notabene nya salah satu produk boikot ‚ÄçÔ∏è‚ÄçÔ∏è,Positif
Mon Dec 25 16:23:46 +0000 2023,KFC Burger King Pizza Hut terpaksa gw boikot permanen Franchise2 Amerika pada tumbang orang2 seluruh dunia udah aware urusan genocide Palestine citra brand udah kotor berlumuran darah orang2 Palestine yg dibantai,Netral
Sun Mar 24 08:49:34 +0000 2024,Rejeki dari Yang Maha Kaya dan Maha Terpuji bukan hanya di Starbucks McD Burger King Pizza Hut atau Domino's. Apa mungkin Yang Maha Mengetahui segitu kudetnya sampai pertanyaannya cuma sebatas Kenapa kamu boikot Starbucks dan membuat banyak orang kehilangan pekerjaan ? ‚ÄçÔ∏è,Netral
Wed Mar 20 13:34:10 +0000 2024,Nak tanya burger king kena boikot,Netral
Fri Jun 07 22:23:25 +0000 2024,Aku 2 minggu lalu kepingin maka burger king atau burger kill. Aku pikir itu burger yang punya orang Bandung karena ada nama band metal asal Bandung namanya hampir mirip. Waktu lihat2 produk boikot lah ternyata punya orang luar.,Netral
Sun Mar 10 01:20:25 +0000 2024,burger king boikot ga sih?,Netral
Mon Mar 04 10:10:45 +0000 2024,Burger king ada dlm list boikot tak eh?,Netral
Tue Jun 11 02:59:55 +0000 2024,Boikot aside ada yang bilang burger mcd atau burger king enak tuh keknya belum pernah nyobain yang lain. Please coba burger bangor sana.,Netral
Sat May 25 04:04:02 +0000 2024,Beberapa kali lihat video ada yg menunjukkan kalau McD ramai lagi Burger King ramai lagi. Bagaimana tidak kalau cara boikotnya tidak fokus? Malah sibuk boikot sana-sini yg bukan target utama bahkan bukan target sama sekali. Giliran tidak berhasil menyalahkan orang lain.,Netral
Thu Dec 14 10:17:31 +0000 2023,Burger king boikot ke eh ? Tapi dah order ni,Netral
Fri Jun 14 06:06:56 +0000 2024,lu pada jgn norak norak bgt apa masa mekdi ama burger king doang gabisa lu boikot dah wkwkwkwk ayam ayam lain banyak yg lebih enak?? and litereli burger bangor exist?????????,Netral
Sat Jan 13 12:51:55 +0000 2024,Prabowo Ngaku Suka Makan Burger King Netizen: Rakyat Capek-Capek Boikot Produk Israel Dia Malah Endorse https://t.co/JHyHIIFXgS,Positif
